1.0435729847,1,1.1323877069,1.0573951435,1.5062893082,1,1.2539267016,1,1.3417366947,1.006302521,1.3417366947,1.2539267016,1.2807486631,1.0435729847,1.4471299094,1.006302521,1.1139534884,1.5653594771,1.0435729847,1.006302521,1.1113689095,1.2506527415,1.1654501217,1.3531073446,1.2506527415,1.1062355658,1.6348122867,1.2739361702,1.0527472527,1.2506527415,1.3724928367,1.1139534884,1.006302521,1.006302521,1.1062355658,1.1323877069,1.006302521,1,1.1654501217,1.1062355658,1.3724928367,1.2126582278,1.1654501217,1.3724928367,1.006302521,1.1139534884,1.1139534884,1.2807486631,1.5062893082,1.1945137157,1.6348122867,1.1849670188
1,1.2739361702,1.0435729847,1.2572178478,1.2126582278,1.2539267016,1.4738461538,1.2473958333,1.2539267016,1.3342618384,1.2807486631,1.5062893082,1.0435729847,1.0435729847,1.0435729847,1.1062355658,1.2126582278,1.1062355658,1.1654501217,1.6348122867,1.1062355658,1.2506527415,1.1062355658,1.1062355658,1.0961098398,1.1113689095,1.1139534884,1.3724928367,1.1139534884,1.006302521,1.006302521,1.1323877069,1.006302521,1,1.1654501217,1,1.1062355658,1.1062355658,1.2126582278,1.1654501217,1.3724928367,1.3724928367,1.3724928367,1.006302521,1.1139534884,1.1139534884,1.2807486631,1.1139534884,1.5062893082,1.1945137157,1.6348122867,1.1845129442
1.2739361702,1.2739361702,1.2739361702,1.0435729847,1.2126582278,1.2539267016,1.1113689095,1.3531073446,1.1486810552,1.3417366947,1.2539267016,1.5062893082,1.6348122867,1.0435729847,1.0435729847,1.0435729847,1.1062355658,1.1062355658,1.1062355658,1.2126582278,1.2126582278,1.2126582278,1.1654501217,1.6348122867,1.6348122867,1.1062355658,1.0527472527,1.1486810552,1.1139534884,1.1139534884,1.0597345133,1.006302521,1.1323877069,1.006302521,1,1.1062355658,1.1062355658,1.1062355658,1.2126582278,1.3724928367,1.3724928367,1.2250639386,1.2539267016,1.2807486631,1.2807486631,1.298102981,1.5653594771,1.5062893082,1.4471299094,1.298102981,1.6348122867,1.2275297018
1.2739361702,1.2739361702,1.2739361702,1.2539267016,1.1113689095,1.3531073446,1.3417366947,1.3531073446,1.3417366947,1.3417366947,1.3417366947,1.5062893082,1.4783950617,1.0435729847,1.0435729847,1.0435729847,1.0435729847,1.0435729847,1.0435729847,1.0435729847,1.0435729847,1.1062355658,1.1062355658,1.6348122867,1.3724928367,1.3531073446,1.6348122867,1.5062893082,1.1062355658,1.2506527415,1.1062355658,1.1062355658,1.1486810552,1.1139534884,1.1139534884,1.1139534884,1.1139534884,1.0597345133,1.1323877069,1.006302521,1,1.2126582278,1.3724928367,1.2126582278,1.2539267016,1.2807486631,1.5653594771,1.5062893082,1.5062893082,1.4471299094,1.6348122867,1.2407470176
1.2739361702,1.2739361702,1.2739361702,1.2739361702,1.2539267016,1.1113689095,1.3531073446,1.3417366947,1.3417366947,1.3531073446,1.3417366947,1.3417366947,1.3531073446,1.3417366947,1.0435729847,1.0435729847,1.0435729847,1.0435729847,1.0435729847,1.0435729847,1.0435729847,1.3724928367,1.3724928367,1.3724928367,1.3724928367,1.3531073446,1.6348122867,1.5062893082,1.5062893082,1.5062893082,1.1062355658,1.1062355658,1.1139534884,1.1486810552,1.0597345133,1.298102981,1.1323877069,1.1323877069,1.2126582278,1.2126582278,1.3724928367,1.3724928367,1.3724928367,1.1486810552,1.2807486631,1.5062893082,1.5653594771,1.5062893082,1.5062893082,1.4471299094,1.6348122867,1.2826423235
1.2739361702,1.2739361702,1.2739361702,1.3531073446,1.1113689095,1.0573951435,1.1113689095,1.3531073446,1.3531073446,1.3417366947,1.3417366947,1.3417366947,1.3417366947,1.3531073446,1.3342618384,1.0435729847,1.1323877069,1.3724928367,1.2126582278,1.3724928367,1.3531073446,1.5062893082,1.5062893082,1.6348122867,1.1139534884,1.1139534884,1.1486810552,1.1139534884,1.1486810552,1.0597345133,1.0597345133,1.2539267016,1.1654501217,1.1323877069,1.1323877069,1.1323877069,1.2126582278,1.2126582278,1.3724928367,1.3724928367,1.3724928367,1.3724928367,1.2539267016,1.5062893082,1.5062893082,1.5062893082,1.5062893082,1.5062893082,1.4471299094,1.5062893082,1.6348122867,1.2915798824
1.4738461538,1.1113689095,1.1113689095,1.0573951435,1.0573951435,1.1113689095,1.3417366947,1.3531073446,1.2409326425,1.3342618384,1.1323877069,1.1323877069,1.1323877069,1.3724928367,1.3724928367,1.2126582278,1.2126582278,1.3724928367,1.3724928367,1.3531073446,1.5062893082,1.5062893082,1.5062893082,1.5062893082,1.5062893082,1.5062893082,1.6348122867,1.3051771117,1.3159340659,1.1139534884,1.1139534884,1.0597345133,1.0597345133,1.298102981,1.1323877069,1.1323877069,1.1323877069,1.1323877069,1.1323877069,1.1323877069,1.1323877069,1.3724928367,1.3724928367,1.3724928367,1.6348122867,1.5062893082,1.5062893082,1.5062893082,1.5062893082,1.5062893082,1.6348122867,1.3001585908
1.1113689095,1.1113689095,1.1113689095,1.1113689095,1.1113689095,1.1113689095,1.3417366947,1.2409326425,1.0573951435,1.4738461538,1.1323877069,1.1323877069,1.2126582278,1.3724928367,1.3724928367,1.3724928367,1.2126582278,1.5062893082,1.5062893082,1.3051771117,1.6348122867,1.5062893082,1.5062893082,1.5062893082,1.5062893082,1.5062893082,1.5062893082,1.3051771117,1.6348122867,1.3051771117,1.3051771117,1.1139534884,1.3159340659,1.1139534884,1.0597345133,1.2539267016,1.1654501217,1.1323877069,1.1323877069,1.1323877069,1.3724928367,1.3724928367,1.4255952381,1.5062893082,1.4738461538,1.5062893082,1.5062893082,1.5062893082,1.5062893082,1.5062893082,1.6348122867,1.3246524074
1.1113689095,1.1113689095,1.3417366947,1.2409326425,1.2409326425,1.1323877069,1.1323877069,1.3724928367,1.3724928367,1.3724928367,1.2126582278,1.5062893082,1.5062893082,1.3051771117,1.5062893082,1.5062893082,1.5062893082,1.3051771117,1.5062893082,1.3051771117,1.3051771117,1.3051771117,1.3051771117,1.3051771117,1.1139534884,1.1139534884,1.3159340659,1.1139534884,1.1139534884,1.2539267016,1.2539267016,1.2539267016,1.1323877069,1.3724928367,1.4255952381,1.4255952381,1.5062893082,1.4738461538,1.4738461538,1.4738461538,1.5062893082,1.5062893082,1.5062893082,1.5062893082,1.5062893082,1.5062893082,1.5062893082,1.5062893082,1.5062893082,1.5062893082,1.5062893082,1.3539109515
1.3417366947,1.2409326425,1.2409326425,1.3051771117,1.1323877069,1.3724928367,1.3724928367,1.4255952381,1.5062893082,1.5653594771,1.5062893082,1.5062893082,1.3051771117,1.5062893082,1.3051771117,1.3051771117,1.3051771117,1.3051771117,1.3051771117,1.1139534884,1.1139534884,1.2539267016,1.2539267016,1.2539267016,1.2539267016,1.1323877069,1.3724928367,1.4255952381,1.4255952381,1.4255952381,1.4255952381,1.4738461538,1.4738461538,1.5062893082,1.4738461538,1.4738461538,1.4738461538,1.4738461538,1.5062893082,1.5062893082,1.5062893082,1.5062893082,1.5062893082,1.5062893082,1.5062893082,1.5062893082,1.5062893082,1.5062893082,1.5062893082,1.5062893082,1.5653594771,1.394580806
1.2409326425,1.3724928367,1.3724928367,1.5062893082,1.5062893082,1.5062893082,1.5062893082,1.5062893082,1.5062893082,1.5062893082,1.5062893082,1.3051771117,1.5062893082,1.5062893082,1.3051771117,1.3051771117,1.3051771117,1.3051771117,1.3051771117,1.3051771117,1.1139534884,1.1139534884,1.2539267016,1.2539267016,1.3724928367,1.2539267016,1.4255952381,1.4255952381,1.4255952381,1.4738461538,1.4738461538,1.4738461538,1.4738461538,1.4738461538,1.4738461538,1.5062893082,1.5062893082,1.5062893082,1.5062893082,1.5062893082,1.5062893082,1.5062893082,1.5062893082,1.5062893082,1.5062893082,1.5062893082,1.5062893082,1.5062893082,1.5062893082,1.5062893082,1.5062893082,1.4252286672
1.2409326425,1.3724928367,1.3724928367,1.4255952381,1.5062893082,1.5653594771,1.5062893082,1.5062893082,1.5062893082,1.5062893082,1.5062893082,1.3051771117,1.3051771117,1.5062893082,1.5062893082,1.5062893082,1.3051771117,1.5062893082,1.3051771117,1.3051771117,1.3051771117,1.1139534884,1.1139534884,1.2539267016,1.2539267016,1.2539267016,1.4255952381,1.4255952381,1.4255952381,1.4255952381,1.4738461538,1.4738461538,1.4738461538,1.4738461538,1.4738461538,1.5062893082,1.5062893082,1.4738461538,1.5062893082,1.5062893082,1.5062893082,1.5062893082,1.5062893082,1.5062893082,1.5062893082,1.5062893082,1.5062893082,1.5062893082,1.5062893082,1.5062893082,1.5653594771,1.4298804811
1.5062893082,1.2409326425,1.5653594771,1.5653594771,1.4738461538,1.5062893082,1.6348122867,1.5062893082,1.5062893082,1.5062893082,1.5062893082,1.5062893082,1.3051771117,1.298102981,1.5062893082,1.5062893082,1.5062893082,1.3051771117,1.3051771117,1.3051771117,1.3051771117,1.3051771117,1.3051771117,1.3051771117,1.2539267016,1.1139534884,1.4255952381,1.4255952381,1.4738461538,1.4738461538,1.4738461538,1.4738461538,1.5062893082,1.4738461538,1.5062893082,1.5062893082,1.4738461538,1.5062893082,1.5062893082,1.5062893082,1.5062893082,1.5062893082,1.5062893082,1.5062893082,1.5062893082,1.5062893082,1.5062893082,1.5062893082,1.5062893082,1.5062893082,1.6348122867,1.4489099903
1.2409326425,1.5062893082,1.5653594771,1.5062893082,1.5062893082,1.5062893082,1.6348122867,1.5062893082,1.3051771117,1.5062893082,1.5062893082,1.3051771117,1.3051771117,1.3051771117,1.3051771117,1.5062893082,1.3051771117,1.3051771117,1.3051771117,1.3051771117,1.4255952381,1.4255952381,1.3724928367,1.4738461538,1.4738461538,1.5062893082,1.5062893082,1.5062893082,1.5062893082,1.5062893082,1.5062893082,1.5062893082,1.4738461538,1.4738461538,1.5062893082,1.5062893082,1.5062893082,1.5062893082,1.5062893082,1.5062893082,1.5062893082,1.5062893082,1.5062893082,1.5062893082,1.5062893082,1.5062893082,1.5062893082,1.5062893082,1.5062893082,1.5062893082,1.6348122867,1.4600346979
1.2409326425,1.5653594771,1.5062893082,1.5062893082,1.5062893082,1.5653594771,1.5062893082,1.6348122867,1.5062893082,1.3051771117,1.3051771117,1.5062893082,1.3051771117,1.5062893082,1.5062893082,1.3051771117,1.3051771117,1.3051771117,1.3051771117,1.4255952381,1.4255952381,1.3724928367,1.5062893082,1.4738461538,1.4738461538,1.4738461538,1.4738461538,1.5062893082,1.5062893082,1.5062893082,1.5062893082,1.5062893082,1.5062893082,1.4738461538,1.5062893082,1.5062893082,1.5062893082,1.5062893082,1.5062893082,1.298102981,1.5062893082,1.5062893082,1.5062893082,1.5062893082,1.5062893082,1.5062893082,1.5062893082,1.5062893082,1.5062893082,1.5062893082,1.6348122867,1.4644479995
1.2409326425,1.5653594771,1.5062893082,1.5653594771,1.5062893082,1.5062893082,1.5062893082,1.5062893082,1.5062893082,1.5062893082,1.5062893082,1.5062893082,1.6348122867,1.3051771117,1.3051771117,1.5062893082,1.4255952381,1.3724928367,1.4255952381,1.3724928367,1.4738461538,1.4738461538,1.4738461538,1.5062893082,1.5062893082,1.5062893082,1.5062893082,1.5062893082,1.5062893082,1.5062893082,1.5062893082,1.5062893082,1.4738461538,1.5062893082,1.5062893082,1.5062893082,1.5062893082,1.5062893082,1.5062893082,1.5062893082,1.5062893082,1.5062893082,1.5062893082,1.5062893082,1.5062893082,1.5062893082,1.5062893082,1.5062893082,1.5062893082,1.5062893082,1.6348122867,1.4866958793
1.5653594771,1.5653594771,1.5062893082,1.5653594771,1.5062893082,1.5062893082,1.5062893082,1.5062893082,1.5062893082,1.5062893082,1.3051771117,1.3051771117,1.5062893082,1.5062893082,1.3724928367,1.4255952381,1.4255952381,1.3724928367,1.4738461538,1.4738461538,1.4738461538,1.4738461538,1.5062893082,1.5062893082,1.5062893082,1.5062893082,1.5062893082,1.5062893082,1.4738461538,1.4738461538,1.5062893082,1.5062893082,1.5062893082,1.5062893082,1.5062893082,1.5062893082,1.5062893082,1.5062893082,1.5062893082,1.5062893082,1.5062893082,1.5062893082,1.5062893082,1.5062893082,1.5062893082,1.5062893082,1.5062893082,1.5062893082,1.5062893082,1.5062893082,1.5653594771,1.4893162303
1.5062893082,1.5062893082,1.5062893082,1.5062893082,1.5062893082,1.5062893082,1.5062893082,1.5062893082,1.5062893082,1.3051771117,1.5062893082,1.5062893082,1.4738461538,1.4255952381,1.3724928367,1.4255952381,1.4255952381,1.4255952381,1.3724928367,1.3724928367,1.3724928367,1.4738461538,1.4738461538,1.4738461538,1.4738461538,1.5062893082,1.5062893082,1.4738461538,1.5062893082,1.4738461538,1.5062893082,1.5062893082,1.5062893082,1.5062893082,1.5062893082,1.5062893082,1.5062893082,1.5062893082,1.5062893082,1.5062893082,1.5062893082,1.5062893082,1.5062893082,1.5062893082,1.5062893082,1.5062893082,1.5062893082,1.5062893082,1.5062893082,1.5062893082,1.5062893082,1.4805657793
1.5062893082,1.5062893082,1.5062893082,1.5062893082,1.5062893082,1.5062893082,1.5062893082,1.5062893082,1.5062893082,1.5062893082,1.5062893082,1.5062893082,1.5062893082,1.5062893082,1.5062893082,1.5062893082,1.4255952381,1.3724928367,1.4255952381,1.4738461538,1.4738461538,1.4738461538,1.4738461538,1.4738461538,1.5062893082,1.4738461538,1.4738461538,1.4738461538,1.4738461538,1.5062893082,1.5062893082,1.5062893082,1.5062893082,1.5062893082,1.4783950617,1.5062893082,1.5062893082,1.5062893082,1.5062893082,1.5062893082,1.5062893082,1.5062893082,1.5062893082,1.5062893082,1.5062893082,1.5062893082,1.5062893082,1.5062893082,1.5062893082,1.5062893082,1.5062893082,1.4939879632
1.5062893082,1.5062893082,1.5062893082,1.5062893082,1.5062893082,1.5062893082,1.5062893082,1.5062893082,1.5062893082,1.5062893082,1.5062893082,1.5062893082,1.5062893082,1.5062893082,1.5062893082,1.5062893082,1.4255952381,1.4255952381,1.3724928367,1.4738461538,1.4738461538,1.4738461538,1.4738461538,1.5062893082,1.4738461538,1.5062893082,1.4738461538,1.5062893082,1.4738461538,1.5062893082,1.5062893082,1.4783950617,1.5062893082,1.5062893082,1.5062893082,1.5062893082,1.5062893082,1.5062893082,1.5062893082,1.5062893082,1.5062893082,1.5062893082,1.5062893082,1.5062893082,1.5062893082,1.5062893082,1.5062893082,1.5062893082,1.5062893082,1.5062893082,1.5062893082,1.4952856894
1.5062893082,1.5062893082,1.5062893082,1.5062893082,1.5062893082,1.5062893082,1.5062893082,1.5062893082,1.5062893082,1.5062893082,1.5062893082,1.5062893082,1.5062893082,1.5062893082,1.5062893082,1.5062893082,1.5062893082,1.5062893082,1.4255952381,1.4738461538,1.3724928367,1.4738461538,1.4738461538,1.5062893082,1.4738461538,1.4738461538,1.4738461538,1.5062893082,1.4783950617,1.5062893082,1.5062893082,1.5062893082,1.5062893082,1.5062893082,1.5062893082,1.5062893082,1.5062893082,1.5062893082,1.5062893082,1.5062893082,1.5062893082,1.5062893082,1.5062893082,1.5062893082,1.5062893082,1.5062893082,1.5062893082,1.5062893082,1.5062893082,1.5062893082,1.5062893082,1.4975484339
1.5062893082,1.5062893082,1.5062893082,1.5062893082,1.5062893082,1.5062893082,1.5062893082,1.5062893082,1.5062893082,1.5062893082,1.5062893082,1.5062893082,1.5062893082,1.5062893082,1.5062893082,1.5062893082,1.4738461538,1.3724928367,1.3724928367,1.3724928367,1.4738461538,1.4738461538,1.5062893082,1.4738461538,1.5062893082,1.4738461538,1.4738461538,1.4738461538,1.5062893082,1.4783950617,1.4783950617,1.5062893082,1.4783950617,1.5062893082,1.5062893082,1.5062893082,1.5062893082,1.5062893082,1.5062893082,1.5062893082,1.5062893082,1.5062893082,1.5062893082,1.5062893082,1.5062893082,1.5062893082,1.5062893082,1.5062893082,1.5062893082,1.5062893082,1.5062893082,1.4920458235
1.5062893082,1.5062893082,1.5062893082,1.5062893082,1.5062893082,1.5062893082,1.5062893082,1.5062893082,1.5062893082,1.5062893082,1.5062893082,1.5062893082,1.5062893082,1.5062893082,1.5062893082,1.5062893082,1.3724928367,1.3724928367,1.3724928367,1.3724928367,1.3724928367,1.4738461538,1.5062893082,1.5062893082,1.4738461538,1.5062893082,1.5062893082,1.4783950617,1.5062893082,1.4783950617,1.4783950617,1.4783950617,1.4783950617,1.5062893082,1.4783950617,1.5062893082,1.5062893082,1.5062893082,1.5062893082,1.5062893082,1.5062893082,1.5062893082,1.5062893082,1.5062893082,1.5062893082,1.5062893082,1.5062893082,1.5062893082,1.5062893082,1.5062893082,1.5062893082,1.4882646253
1.5062893082,1.5062893082,1.5062893082,1.5062893082,1.5062893082,1.5062893082,1.5062893082,1.5062893082,1.5062893082,1.5062893082,1.5062893082,1.5062893082,1.5062893082,1.5062893082,1.5062893082,1.5062893082,1.5062893082,1.3724928367,1.3724928367,1.4738461538,1.5062893082,1.5062893082,1.4738461538,1.5062893082,1.4783950617,1.5062893082,1.5062893082,1.4783950617,1.4783950617,1.4783950617,1.5062893082,1.4783950617,1.4783950617,1.4783950617,1.4783950617,1.4783950617,1.4783950617,1.4783950617,1.5062893082,1.5062893082,1.5062893082,1.5062893082,1.5062893082,1.5062893082,1.5062893082,1.5062893082,1.5062893082,1.5062893082,1.5062893082,1.5062893082,1.5062893082,1.4935029889
1.5062893082,1.5062893082,1.5062893082,1.5062893082,1.5062893082,1.5062893082,1.5062893082,1.5062893082,1.5062893082,1.5062893082,1.5062893082,1.5062893082,1.5062893082,1.5062893082,1.5062893082,1.5062893082,1.3724928367,1.4738461538,1.4738461538,1.4738461538,1.5062893082,1.5062893082,1.5062893082,1.4738461538,1.5062893082,1.5062893082,1.5062893082,1.4783950617,1.5062893082,1.5062893082,1.5062893082,1.4783950617,1.5062893082,1.5062893082,1.4783950617,1.4783950617,1.4783950617,1.4783950617,1.4783950617,1.4783950617,1.4783950617,1.4783950617,1.5062893082,1.5062893082,1.5062893082,1.5062893082,1.5062893082,1.5062893082,1.5062893082,1.5062893082,1.5062893082,1.4954390771
1.5062893082,1.5062893082,1.5062893082,1.5062893082,1.5062893082,1.5062893082,1.5062893082,1.5062893082,1.5062893082,1.5062893082,1.5062893082,1.5062893082,1.5062893082,1.3724928367,1.3724928367,1.3724928367,1.3724928367,1.4738461538,1.4738461538,1.4738461538,1.4738461538,1.4738461538,1.4738461538,1.5062893082,1.5062893082,1.4783950617,1.5062893082,1.5062893082,1.4783950617,1.5062893082,1.4783950617,1.4783950617,1.4783950617,1.4783950617,1.4783950617,1.4783950617,1.4783950617,1.4783950617,1.5062893082,1.4783950617,1.5062893082,1.5062893082,1.5062893082,1.5062893082,1.5062893082,1.5062893082,1.5062893082,1.5062893082,1.5062893082,1.5062893082,1.5062893082,1.4855556777
1.5062893082,1.5062893082,1.5062893082,1.5062893082,1.5062893082,1.5062893082,1.4738461538,1.4255952381,1.3724928367,1.3724928367,1.3724928367,1.3724928367,1.3724928367,1.3724928367,1.4738461538,1.4738461538,1.4738461538,1.4738461538,1.4738461538,1.4738461538,1.4738461538,1.4738461538,1.5062893082,1.5062893082,1.5062893082,1.5062893082,1.5062893082,1.4783950617,1.4783950617,1.5062893082,1.4783950617,1.5062893082,1.4783950617,1.4783950617,1.4783950617,1.4783950617,1.4783950617,1.5062893082,1.4783950617,1.5062893082,1.5062893082,1.5062893082,1.5062893082,1.5062893082,1.5062893082,1.5062893082,1.5062893082,1.5062893082,1.5062893082,1.5062893082,1.5062893082,1.4777591181
1.5062893082,1.5062893082,1.5062893082,1.5062893082,1.5062893082,1.5062893082,1.5062893082,1.4738461538,1.3724928367,1.3724928367,1.3724928367,1.3724928367,1.3724928367,1.3724928367,1.3724928367,1.3724928367,1.4738461538,1.4738461538,1.4738461538,1.4738461538,1.4738461538,1.4738461538,1.4738461538,1.4738461538,1.4738461538,1.4738461538,1.4738461538,1.4738461538,1.5062893082,1.5062893082,1.4783950617,1.5062893082,1.4783950617,1.5062893082,1.4783950617,1.4783950617,1.5062893082,1.5062893082,1.4783950617,1.5062893082,1.5062893082,1.4783950617,1.5062893082,1.5062893082,1.5062893082,1.5062893082,1.5062893082,1.5062893082,1.5062893082,1.5062893082,1.5062893082,1.473099343
1.5062893082,1.5062893082,1.5062893082,1.5062893082,1.5062893082,1.5062893082,1.5062893082,1.5062893082,1.4738461538,1.3724928367,1.3724928367,1.3724928367,1.3724928367,1.3724928367,1.3724928367,1.3724928367,1.3724928367,1.3724928367,1.3724928367,1.3724928367,1.4738461538,1.4738461538,1.4738461538,1.4738461538,1.4738461538,1.4738461538,1.4738461538,1.5062893082,1.5062893082,1.5062893082,1.4783950617,1.5062893082,1.5062893082,1.5062893082,1.5062893082,1.6348122867,1.5062893082,1.4783950617,1.5062893082,1.5062893082,1.4783950617,1.5062893082,1.4783950617,1.4783950617,1.4783950617,1.5062893082,1.5062893082,1.5062893082,1.5062893082,1.5062893082,1.6348122867,1.4708863298
1.5062893082,1.5062893082,1.5062893082,1.5062893082,1.5062893082,1.5062893082,1.5062893082,1.5062893082,1.5062893082,1.5062893082,1.5062893082,1.4738461538,1.4738461538,1.3724928367,1.3724928367,1.3724928367,1.3724928367,1.4738461538,1.4738461538,1.4738461538,1.4738461538,1.4738461538,1.4738461538,1.5062893082,1.5062893082,1.4783950617,1.5062893082,1.5062893082,1.5062893082,1.5062893082,1.5062893082,1.5062893082,1.6348122867,1.5062893082,1.6348122867,1.5062893082,1.5062893082,1.5062893082,1.4783950617,1.5062893082,1.5062893082,1.5062893082,1.4783950617,1.4783950617,1.4783950617,1.4783950617,1.5062893082,1.5062893082,1.5062893082,1.5062893082,1.6348122867,1.4921882953
1.5062893082,1.5062893082,1.5062893082,1.5062893082,1.5062893082,1.5062893082,1.5062893082,1.5062893082,1.5062893082,1.4738461538,1.4738461538,1.3724928367,1.3724928367,1.4738461538,1.3724928367,1.3724928367,1.3724928367,1.3724928367,1.3724928367,1.4738461538,1.4738461538,1.4738461538,1.4738461538,1.4738461538,1.4738461538,1.5062893082,1.5062893082,1.5062893082,1.5062893082,1.5062893082,1.5062893082,1.5062893082,1.6348122867,1.6348122867,1.5062893082,1.5062893082,1.5062893082,1.5062893082,1.5062893082,1.5062893082,1.4783950617,1.5062893082,1.4783950617,1.4783950617,1.4783950617,1.4783950617,1.4783950617,1.4783950617,1.5062893082,1.5062893082,1.6348122867,1.482953759
1.5062893082,1.5062893082,1.5062893082,1.5062893082,1.5062893082,1.5062893082,1.5062893082,1.5062893082,1.4738461538,1.4738461538,1.4738461538,1.4738461538,1.4738461538,1.3724928367,1.3724928367,1.3724928367,1.4738461538,1.3724928367,1.3724928367,1.3724928367,1.4738461538,1.4738461538,1.4738461538,1.4738461538,1.4738461538,1.4738461538,1.4738461538,1.5062893082,1.4738461538,1.5062893082,1.5062893082,1.5062893082,1.5062893082,1.5062893082,1.6348122867,1.5062893082,1.5062893082,1.5062893082,1.5062893082,1.5062893082,1.5062893082,1.5062893082,1.4783950617,1.4783950617,1.4783950617,1.4783950617,1.4783950617,1.5062893082,1.4783950617,1.5062893082,1.6348122867,1.4803727984
1.5062893082,1.5062893082,1.5062893082,1.5062893082,1.5062893082,1.5062893082,1.5062893082,1.5062893082,1.5062893082,1.5062893082,1.4738461538,1.4738461538,1.4738461538,1.4738461538,1.4738461538,1.3724928367,1.3724928367,1.3724928367,1.3724928367,1.4738461538,1.3724928367,1.4738461538,1.4738461538,1.4738461538,1.4738461538,1.4738461538,1.4738461538,1.4738461538,1.4738461538,1.4738461538,1.5062893082,1.4738461538,1.4738461538,1.4738461538,1.5062893082,1.5062893082,1.6348122867,1.6348122867,1.5062893082,1.5062893082,1.5062893082,1.5062893082,1.5062893082,1.4783950617,1.4783950617,1.4783950617,1.4783950617,1.4783950617,1.5062893082,1.4783950617,1.6348122867,1.483023735
1.5062893082,1.5062893082,1.5062893082,1.5062893082,1.5062893082,1.5062893082,1.5062893082,1.5062893082,1.5062893082,1.5062893082,1.5062893082,1.5062893082,1.5062893082,1.4738461538,1.4738461538,1.4738461538,1.4738461538,1.4738461538,1.3724928367,1.3724928367,1.3724928367,1.4738461538,1.3724928367,1.3724928367,1.4738461538,1.4738461538,1.4738461538,1.4738461538,1.4738461538,1.4738461538,1.4738461538,1.4738461538,1.4738461538,1.5062893082,1.4738461538,1.5062893082,1.4738461538,1.4738461538,1.4738461538,1.3159340659,1.4783950617,1.5062893082,1.4783950617,1.4783950617,1.4783950617,1.4783950617,1.4783950617,1.4783950617,1.4783950617,1.4783950617,1.5062893082,1.4717531932
1.5062893082,1.5062893082,1.5062893082,1.5062893082,1.5062893082,1.5062893082,1.5062893082,1.5062893082,1.5062893082,1.5062893082,1.5062893082,1.5062893082,1.5062893082,1.5062893082,1.5062893082,1.5062893082,1.5062893082,1.5062893082,1.4738461538,1.4738461538,1.4738461538,1.4738461538,1.4738461538,1.4738461538,1.4738461538,1.3724928367,1.4738461538,1.4738461538,1.4738461538,1.4738461538,1.4738461538,1.4738461538,1.4738461538,1.4738461538,1.4738461538,1.4738461538,1.5062893082,1.5062893082,1.4738461538,1.4738461538,1.4738461538,1.3159340659,1.5062893082,1.4783950617,1.4783950617,1.4783950617,1.4783950617,1.4783950617,1.4783950617,1.4783950617,1.5062893082,1.4829238177
1.5062893082,1.5062893082,1.5062893082,1.5062893082,1.5062893082,1.5062893082,1.5062893082,1.5062893082,1.5062893082,1.5062893082,1.5062893082,1.5062893082,1.5062893082,1.4738461538,1.4738461538,1.4738461538,1.4738461538,1.4738461538,1.4738461538,1.4738461538,1.4738461538,1.3724928367,1.3724928367,1.4738461538,1.4738461538,1.4738461538,1.4738461538,1.4738461538,1.4738461538,1.4738461538,1.4738461538,1.4738461538,1.4738461538,1.4738461538,1.4738461538,1.4738461538,1.4738461538,1.4738461538,1.4738461538,1.5062893082,1.5062893082,1.4738461538,1.3159340659,1.4738461538,1.5062893082,1.5062893082,1.4783950617,1.5062893082,1.4783950617,1.4783950617,1.5062893082,1.4785862494
1.5062893082,1.5062893082,1.5062893082,1.5062893082,1.5062893082,1.5062893082,1.5062893082,1.5062893082,1.5062893082,1.5062893082,1.5062893082,1.5062893082,1.5062893082,1.4738461538,1.4738461538,1.4738461538,1.5062893082,1.3724928367,1.3724928367,1.4738461538,1.4738461538,1.4738461538,1.4738461538,1.4738461538,1.4738461538,1.4738461538,1.4738461538,1.4738461538,1.4738461538,1.4738461538,1.4738461538,1.4738461538,1.4738461538,1.4738461538,1.4738461538,1.4738461538,1.4738461538,1.4738461538,1.4738461538,1.5062893082,1.4738461538,1.4738461538,1.4738461538,1.4738461538,1.4738461538,1.5062893082,1.5062893082,1.5062893082,1.4783950617,1.5062893082,1.5062893082,1.4822113979
1.5062893082,1.5062893082,1.5062893082,1.5062893082,1.5062893082,1.5062893082,1.5062893082,1.5062893082,1.5062893082,1.5062893082,1.4738461538,1.4738461538,1.5062893082,1.5062893082,1.4738461538,1.4738461538,1.4738461538,1.4738461538,1.4738461538,1.4738461538,1.4738461538,1.4738461538,1.4738461538,1.4738461538,1.4738461538,1.4738461538,1.4738461538,1.4738461538,1.4738461538,1.4738461538,1.4738461538,1.4738461538,1.4738461538,1.4738461538,1.4738461538,1.4738461538,1.4738461538,1.4738461538,1.4738461538,1.4738461538,1.4738461538,1.4738461538,1.4738461538,1.4738461538,1.4738461538,1.4738461538,1.5062893082,1.5062893082,1.5062893082,1.4783950617,1.5062893082,1.4836700783
1.5062893082,1.5062893082,1.5062893082,1.5062893082,1.5062893082,1.5062893082,1.5062893082,1.5062893082,1.5062893082,1.5062893082,1.5062893082,1.5062893082,1.5062893082,1.4738461538,1.4738461538,1.4738461538,1.4738461538,1.3724928367,1.4738461538,1.4738461538,1.4738461538,1.4738461538,1.4738461538,1.4738461538,1.4738461538,1.4738461538,1.4738461538,1.4738461538,1.4738461538,1.4738461538,1.4738461538,1.4738461538,1.4738461538,1.4738461538,1.4738461538,1.4738461538,1.4738461538,1.4738461538,1.4738461538,1.4738461538,1.4738461538,1.4738461538,1.3724928367,1.4738461538,1.4738461538,1.5062893082,1.4738461538,1.5062893082,1.5062893082,1.4783950617,1.5062893082,1.4802648087
1.5062893082,1.5062893082,1.5062893082,1.5062893082,1.5062893082,1.5062893082,1.5062893082,1.5062893082,1.5062893082,1.5062893082,1.5062893082,1.5062893082,1.5062893082,1.5062893082,1.5062893082,1.5062893082,1.4738461538,1.3724928367,1.3724928367,1.4738461538,1.4738461538,1.4738461538,1.4738461538,1.4738461538,1.4738461538,1.4738461538,1.4738461538,1.4738461538,1.4738461538,1.4738461538,1.4738461538,1.4738461538,1.4738461538,1.4738461538,1.4738461538,1.4738461538,1.4738461538,1.4738461538,1.4738461538,1.4738461538,1.4738461538,1.4738461538,1.4738461538,1.4738461538,1.4738461538,1.4738461538,1.4738461538,1.5062893082,1.4738461538,1.5062893082,1.5062893082,1.4814715567
1.5062893082,1.5062893082,1.5062893082,1.5062893082,1.5062893082,1.5062893082,1.5062893082,1.5062893082,1.5062893082,1.5062893082,1.4738461538,1.5062893082,1.3724928367,1.4738461538,1.4738461538,1.4738461538,1.4738461538,1.4738461538,1.4738461538,1.4738461538,1.4738461538,1.4738461538,1.4738461538,1.4738461538,1.4738461538,1.4738461538,1.4738461538,1.4738461538,1.4738461538,1.4738461538,1.4738461538,1.4738461538,1.4738461538,1.4738461538,1.4738461538,1.4738461538,1.4738461538,1.4738461538,1.4738461538,1.4738461538,1.4738461538,1.4738461538,1.4738461538,1.5062893082,1.5062893082,1.5062893082,1.4738461538,1.4738461538,1.4738461538,1.4738461538,1.5062893082,1.4809031707
1.5062893082,1.5062893082,1.5062893082,1.5062893082,1.5062893082,1.5062893082,1.5062893082,1.5062893082,1.5062893082,1.5062893082,1.5062893082,1.5062893082,1.5062893082,1.4738461538,1.4738461538,1.4738461538,1.4738461538,1.4738461538,1.4738461538,1.4738461538,1.4738461538,1.4738461538,1.4738461538,1.4738461538,1.4738461538,1.4738461538,1.4738461538,1.4738461538,1.4738461538,1.4738461538,1.4738461538,1.4738461538,1.4738461538,1.4738461538,1.4738461538,1.4738461538,1.4738461538,1.4738461538,1.4738461538,1.4738461538,1.4738461538,1.5062893082,1.4738461538,1.4738461538,1.4738461538,1.4738461538,1.4738461538,1.4738461538,1.4738461538,1.4738461538,1.5062893082,1.482930237
1.5062893082,1.5062893082,1.5062893082,1.5062893082,1.5062893082,1.5062893082,1.5062893082,1.5062893082,1.5062893082,1.5062893082,1.5062893082,1.5062893082,1.4738461538,1.5062893082,1.4738461538,1.4738461538,1.4738461538,1.4738461538,1.4738461538,1.4738461538,1.4738461538,1.4738461538,1.4738461538,1.4738461538,1.4738461538,1.4738461538,1.4738461538,1.4738461538,1.4738461538,1.4738461538,1.4738461538,1.4738461538,1.4738461538,1.4738461538,1.4738461538,1.4738461538,1.4738461538,1.4738461538,1.4738461538,1.4738461538,1.4738461538,1.4738461538,1.4738461538,1.5653594771,1.4738461538,1.4738461538,1.4738461538,1.4738461538,1.4738461538,1.4738461538,1.5653594771,1.4841116404
1.5062893082,1.5062893082,1.5062893082,1.5062893082,1.5062893082,1.5062893082,1.5062893082,1.5062893082,1.5062893082,1.5062893082,1.5062893082,1.5062893082,1.4738461538,1.4738461538,1.4738461538,1.4738461538,1.4738461538,1.4738461538,1.4738461538,1.4738461538,1.4738461538,1.4738461538,1.4738461538,1.4738461538,1.4738461538,1.4738461538,1.4738461538,1.4738461538,1.4738461538,1.4738461538,1.4738461538,1.4738461538,1.4738461538,1.4738461538,1.4738461538,1.4738461538,1.4738461538,1.4738461538,1.5653594771,1.5653594771,1.4738461538,1.4738461538,1.4738461538,1.4738461538,1.4738461538,1.4738461538,1.4738461538,1.4738461538,1.4738461538,1.4738461538,1.5653594771,1.4852930438
1.5062893082,1.5062893082,1.5062893082,1.5062893082,1.5062893082,1.5062893082,1.5062893082,1.5062893082,1.5062893082,1.4738461538,1.5062893082,1.4738461538,1.4738461538,1.4738461538,1.4738461538,1.4738461538,1.4738461538,1.4738461538,1.4738461538,1.4738461538,1.4738461538,1.4738461538,1.4738461538,1.4738461538,1.4738461538,1.4738461538,1.4738461538,1.4738461538,1.4738461538,1.4738461538,1.4738461538,1.4738461538,1.4738461538,1.4738461538,1.4738461538,1.4738461538,1.4738461538,1.4738461538,1.4738461538,1.4738461538,1.5653594771,1.4738461538,1.4738461538,1.4738461538,1.4738461538,1.4738461538,1.4738461538,1.4738461538,1.4738461538,1.4738461538,1.5653594771,1.4821650511
1.5062893082,1.5062893082,1.5062893082,1.5062893082,1.5062893082,1.5062893082,1.5062893082,1.5062893082,1.5062893082,1.4738461538,1.4738461538,1.4738461538,1.4738461538,1.4738461538,1.4738461538,1.4738461538,1.4738461538,1.4738461538,1.4738461538,1.4738461538,1.4738461538,1.4738461538,1.4738461538,1.4738461538,1.4738461538,1.4738461538,1.4738461538,1.4738461538,1.4738461538,1.4738461538,1.4738461538,1.4738461538,1.4738461538,1.4738461538,1.4738461538,1.4738461538,1.5653594771,1.4738461538,1.5653594771,1.4738461538,1.4738461538,1.4738461538,1.4738461538,1.4738461538,1.4738461538,1.4738461538,1.4738461538,1.4738461538,1.4738461538,1.4738461538,1.5653594771,1.4833464545
1.5062893082,1.5062893082,1.5062893082,1.5062893082,1.5062893082,1.5062893082,1.5062893082,1.5062893082,1.5062893082,1.5062893082,1.5062893082,1.5062893082,1.4738461538,1.4738461538,1.4738461538,1.4738461538,1.4738461538,1.4738461538,1.4738461538,1.4738461538,1.4738461538,1.4738461538,1.4738461538,1.4738461538,1.4738461538,1.4738461538,1.4738461538,1.4738461538,1.4738461538,1.4738461538,1.4738461538,1.4738461538,1.4738461538,1.4738461538,1.4738461538,1.5653594771,1.4738461538,1.5653594771,1.4738461538,1.4738461538,1.4738461538,1.4738461538,1.4738461538,1.4738461538,1.4738461538,1.4738461538,1.4738461538,1.4738461538,1.4738461538,1.4738461538,1.5653594771,1.4852930438
1.5062893082,1.5062893082,1.5062893082,1.5062893082,1.5062893082,1.5062893082,1.5062893082,1.5062893082,1.5062893082,1.5062893082,1.5062893082,1.5062893082,1.5062893082,1.5062893082,1.5062893082,1.5062893082,1.4738461538,1.4738461538,1.4738461538,1.4738461538,1.4738461538,1.4738461538,1.4738461538,1.4738461538,1.4738461538,1.4738461538,1.4738461538,1.4738461538,1.4738461538,1.4738461538,1.4738461538,1.4738461538,1.4738461538,1.5653594771,1.5653594771,1.4738461538,1.4738461538,1.4738461538,1.4738461538,1.4738461538,1.4738461538,1.4738461538,1.4738461538,1.4738461538,1.4738461538,1.4738461538,1.4738461538,1.4738461538,1.4738461538,1.4738461538,1.5653594771,1.4878884961
1.5062893082,1.5062893082,1.5062893082,1.5062893082,1.5062893082,1.5062893082,1.5062893082,1.5062893082,1.5062893082,1.5062893082,1.5062893082,1.5062893082,1.5062893082,1.5062893082,1.5062893082,1.5062893082,1.5062893082,1.5062893082,1.5062893082,1.5062893082,1.4738461538,1.4738461538,1.4738461538,1.4738461538,1.4738461538,1.4738461538,1.4738461538,1.4738461538,1.4738461538,1.4738461538,1.4738461538,1.4738461538,1.4738461538,1.4738461538,1.4738461538,1.4738461538,1.4738461538,1.4738461538,1.4471299094,1.4738461538,1.4738461538,1.4738461538,1.4738461538,1.3724928367,1.4738461538,1.4738461538,1.4738461538,1.4738461538,1.4738461538,1.4738461538,1.5062893082,1.4842620243
1.5062893082,1.5062893082,1.5062893082,1.5062893082,1.5062893082,1.5062893082,1.5062893082,1.5062893082,1.5062893082,1.5062893082,1.5062893082,1.5062893082,1.5062893082,1.5062893082,1.5062893082,1.5062893082,1.5062893082,1.5062893082,1.5062893082,1.5062893082,1.5062893082,1.5062893082,1.5062893082,1.5062893082,1.5062893082,1.5062893082,1.5062893082,1.5062893082,1.5062893082,1.5062893082,1.5062893082,1.5062893082,1.4738461538,1.4738461538,1.4738461538,1.4738461538,1.4738461538,1.4738461538,1.4738461538,1.4738461538,1.4738461538,1.4738461538,1.4738461538,1.4471299094,1.4738461538,1.4738461538,1.4738461538,1.4738461538,1.4738461538,1.4738461538,1.5062893082,1.4940754477
1.5062893082,1.5062893082,1.5062893082,1.5062893082,1.5062893082,1.5062893082,1.5062893082,1.5062893082,1.5062893082,1.5062893082,1.5062893082,1.5062893082,1.5062893082,1.5062893082,1.5062893082,1.5062893082,1.5062893082,1.5062893082,1.5062893082,1.5062893082,1.5062893082,1.5062893082,1.5062893082,1.5062893082,1.5062893082,1.5062893082,1.4738461538,1.5062893082,1.4738461538,1.4738461538,1.4738461538,1.4738461538,1.4738461538,1.4738461538,1.4738461538,1.4738461538,1.4738461538,1.4738461538,1.4738461538,1.4738461538,1.4738461538,1.4738461538,1.4738461538,1.4738461538,1.4738461538,1.4738461538,1.4738461538,1.4738461538,1.4738461538,1.4738461538,1.5062893082,1.4913654572
1.5062893082,1.5062893082,1.5062893082,1.5062893082,1.5062893082,1.5062893082,1.5062893082,1.5062893082,1.5062893082,1.5062893082,1.5062893082,1.5062893082,1.5062893082,1.5062893082,1.5062893082,1.5062893082,1.5062893082,1.5062893082,1.5062893082,1.5062893082,1.5062893082,1.5062893082,1.5062893082,1.5062893082,1.5062893082,1.5062893082,1.5062893082,1.5062893082,1.5062893082,1.5062893082,1.4738461538,1.4738461538,1.4738461538,1.4738461538,1.4738461538,1.4738461538,1.4738461538,1.4738461538,1.4738461538,1.4738461538,1.4738461538,1.4738461538,1.4738461538,1.4738461538,1.4738461538,1.4738461538,1.4738461538,1.4738461538,1.4738461538,1.4738461538,1.5062893082,1.4933120464
1.5062893082,1.5062893082,1.5062893082,1.5062893082,1.5062893082,1.5062893082,1.5062893082,1.5062893082,1.5062893082,1.5062893082,1.5062893082,1.5062893082,1.5062893082,1.5062893082,1.5062893082,1.5062893082,1.5062893082,1.5062893082,1.5062893082,1.5062893082,1.5062893082,1.5062893082,1.5062893082,1.5062893082,1.5062893082,1.5062893082,1.5062893082,1.5062893082,1.5062893082,1.4738461538,1.4738461538,1.4738461538,1.4738461538,1.4738461538,1.4738461538,1.4738461538,1.4738461538,1.4738461538,1.4738461538,1.4738461538,1.4738461538,1.4738461538,1.4738461538,1.4738461538,1.4738461538,1.4738461538,1.4738461538,1.4738461538,1.4738461538,1.4738461538,1.5062893082,1.4926631834
1.5062893082,1.5062893082,1.5062893082,1.5062893082,1.5062893082,1.5062893082,1.5062893082,1.5062893082,1.5062893082,1.5062893082,1.5062893082,1.5062893082,1.5062893082,1.5062893082,1.5062893082,1.5062893082,1.5062893082,1.5062893082,1.5062893082,1.5062893082,1.5062893082,1.5062893082,1.5062893082,1.5062893082,1.5062893082,1.5062893082,1.4738461538,1.4738461538,1.4738461538,1.4738461538,1.4738461538,1.4738461538,1.4738461538,1.4738461538,1.4738461538,1.4738461538,1.4738461538,1.4738461538,1.4738461538,1.4738461538,1.4738461538,1.4738461538,1.4738461538,1.4738461538,1.4738461538,1.4738461538,1.4738461538,1.4738461538,1.4738461538,1.4738461538,1.5062893082,1.4907165941
1.5062893082,1.5062893082,1.5062893082,1.5062893082,1.5062893082,1.5062893082,1.5062893082,1.5062893082,1.5062893082,1.5062893082,1.5062893082,1.5062893082,1.5062893082,1.5062893082,1.5062893082,1.5062893082,1.5062893082,1.5062893082,1.5062893082,1.5062893082,1.5062893082,1.5062893082,1.4738461538,1.4738461538,1.5062893082,1.4738461538,1.4738461538,1.4738461538,1.4738461538,1.4738461538,1.4738461538,1.4738461538,1.4738461538,1.4738461538,1.4738461538,1.4738461538,1.4738461538,1.4738461538,1.4738461538,1.4738461538,1.4738461538,1.4738461538,1.4738461538,1.4738461538,1.4738461538,1.4738461538,1.4738461538,1.4738461538,1.4738461538,1.4738461538,1.5062893082,1.4887700048
1.5062893082,1.5062893082,1.5062893082,1.5062893082,1.5062893082,1.5062893082,1.5062893082,1.5062893082,1.5062893082,1.5062893082,1.5062893082,1.5062893082,1.5062893082,1.5062893082,1.5062893082,1.5062893082,1.5062893082,1.5062893082,1.5062893082,1.5062893082,1.5062893082,1.4738461538,1.5062893082,1.4738461538,1.4738461538,1.4738461538,1.4738461538,1.4738461538,1.4738461538,1.4738461538,1.4738461538,1.4738461538,1.4738461538,1.4738461538,1.4738461538,1.4738461538,1.4738461538,1.4738461538,1.4738461538,1.4738461538,1.4738461538,1.4738461538,1.4738461538,1.4738461538,1.4738461538,1.4738461538,1.4738461538,1.4738461538,1.4738461538,1.4738461538,1.5062893082,1.4881211417
1.5062893082,1.5062893082,1.5062893082,1.5062893082,1.5062893082,1.5062893082,1.5062893082,1.5062893082,1.5062893082,1.5062893082,1.5062893082,1.5062893082,1.5062893082,1.5062893082,1.5062893082,1.4738461538,1.4738461538,1.5062893082,1.5062893082,1.4738461538,1.4738461538,1.4738461538,1.4738461538,1.4738461538,1.4738461538,1.4738461538,1.4738461538,1.4738461538,1.4738461538,1.4738461538,1.4738461538,1.4738461538,1.4738461538,1.4738461538,1.4738461538,1.4738461538,1.4738461538,1.4738461538,1.4738461538,1.4738461538,1.4738461538,1.4738461538,1.4738461538,1.4738461538,1.4738461538,1.4738461538,1.4738461538,1.4738461538,1.4738461538,1.4738461538,1.5062893082,1.4848768263
1.5062893082,1.5062893082,1.5062893082,1.5062893082,1.5062893082,1.5062893082,1.5062893082,1.5062893082,1.5062893082,1.4738461538,1.5062893082,1.4738461538,1.4738461538,1.5062893082,1.5062893082,1.4738461538,1.4738461538,1.4738461538,1.4738461538,1.4738461538,1.4738461538,1.4738461538,1.4738461538,1.4738461538,1.4738461538,1.4738461538,1.4738461538,1.4738461538,1.4738461538,1.4738461538,1.4738461538,1.4738461538,1.4738461538,1.4738461538,1.4738461538,1.4738461538,1.4738461538,1.4738461538,1.4738461538,1.4738461538,1.4738461538,1.4738461538,1.4738461538,1.4738461538,1.4738461538,1.4738461538,1.4738461538,1.4738461538,1.4738461538,1.4738461538,1.5062893082,1.4816325109
1.5062893082,1.5062893082,1.5062893082,1.5062893082,1.5062893082,1.5062893082,1.5062893082,1.5062893082,1.5062893082,1.5062893082,1.5062893082,1.4738461538,1.4738461538,1.5062893082,1.5062893082,1.4738461538,1.5062893082,1.4738461538,1.4738461538,1.4738461538,1.4738461538,1.4738461538,1.4738461538,1.4738461538,1.4738461538,1.4738461538,1.4738461538,1.4738461538,1.4738461538,1.4738461538,1.4738461538,1.4738461538,1.4738461538,1.4738461538,1.4738461538,1.4738461538,1.4738461538,1.4738461538,1.4738461538,1.4738461538,1.4738461538,1.4738461538,1.4738461538,1.4738461538,1.4738461538,1.4738461538,1.4738461538,1.4738461538,1.4738461538,1.4738461538,1.5062893082,1.482930237
1.5062893082,1.5062893082,1.5062893082,1.5062893082,1.5062893082,1.5062893082,1.5062893082,1.4738461538,1.5062893082,1.4738461538,1.5062893082,1.5062893082,1.4738461538,1.5062893082,1.5062893082,1.4738461538,1.4738461538,1.4738461538,1.4738461538,1.4738461538,1.4738461538,1.4738461538,1.4738461538,1.4738461538,1.4738461538,1.4738461538,1.4738461538,1.4738461538,1.4738461538,1.4738461538,1.4738461538,1.4738461538,1.4738461538,1.4738461538,1.4738461538,1.4738461538,1.4738461538,1.4738461538,1.4738461538,1.4738461538,1.4738461538,1.4738461538,1.4738461538,1.4738461538,1.4738461538,1.4738461538,1.4738461538,1.4738461538,1.4738461538,1.4738461538,1.5062893082,1.4816325109
1.5062893082,1.3051771117,1.5062893082,1.5062893082,1.5062893082,1.5062893082,1.5062893082,1.5062893082,1.5062893082,1.4738461538,1.4738461538,1.4738461538,1.5062893082,1.5062893082,1.5062893082,1.4738461538,1.4738461538,1.4738461538,1.4738461538,1.4738461538,1.4738461538,1.4738461538,1.4738461538,1.4738461538,1.4738461538,1.4738461538,1.4738461538,1.4738461538,1.4738461538,1.4738461538,1.4738461538,1.4738461538,1.4738461538,1.4738461538,1.4738461538,1.4738461538,1.4738461538,1.4738461538,1.4738461538,1.4738461538,1.4738461538,1.4738461538,1.4738461538,1.4738461538,1.4738461538,1.4738461538,1.4738461538,1.4738461538,1.4738461538,1.4738461538,1.5062893082,1.4776102669
1.5062893082,1.5062893082,1.5062893082,1.5062893082,1.298102981,1.5062893082,1.5062893082,1.5062893082,1.4738461538,1.5062893082,1.4738461538,1.5062893082,1.4738461538,1.4738461538,1.4738461538,1.4738461538,1.4738461538,1.4738461538,1.4738461538,1.4738461538,1.4738461538,1.4738461538,1.4738461538,1.4738461538,1.4738461538,1.4738461538,1.4738461538,1.4738461538,1.4738461538,1.4738461538,1.4738461538,1.4738461538,1.4738461538,1.4738461538,1.4738461538,1.4738461538,1.4738461538,1.4738461538,1.4738461538,1.4738461538,1.4738461538,1.4738461538,1.4738461538,1.4738461538,1.4738461538,1.4738461538,1.4738461538,1.4738461538,1.4738461538,1.4738461538,1.5062893082,1.4761710581
1.5062893082,1.5062893082,1.5062893082,1.5062893082,1.5062893082,1.5062893082,1.5062893082,1.4738461538,1.4738461538,1.4738461538,1.4738461538,1.4738461538,1.4738461538,1.4738461538,1.4738461538,1.4738461538,1.4738461538,1.4738461538,1.4738461538,1.4738461538,1.4738461538,1.4738461538,1.4738461538,1.4738461538,1.4738461538,1.4738461538,1.4738461538,1.4738461538,1.4738461538,1.4738461538,1.4738461538,1.4738461538,1.4738461538,1.4738461538,1.4738461538,1.4738461538,1.4738461538,1.4738461538,1.4738461538,1.4738461538,1.4738461538,1.4738461538,1.4738461538,1.4738461538,1.4738461538,1.4738461538,1.4738461538,1.4738461538,1.4738461538,1.4738461538,1.5062893082,1.4783881954
1.5062893082,1.5062893082,1.5062893082,1.5062893082,1.5062893082,1.5062893082,1.5062893082,1.4738461538,1.4738461538,1.4738461538,1.4738461538,1.4738461538,1.4738461538,1.4738461538,1.4738461538,1.4738461538,1.4738461538,1.4738461538,1.4738461538,1.4738461538,1.4738461538,1.4738461538,1.4738461538,1.4738461538,1.4738461538,1.4738461538,1.4738461538,1.4738461538,1.4738461538,1.4738461538,1.4738461538,1.4738461538,1.4738461538,1.4738461538,1.4738461538,1.4738461538,1.4738461538,1.4738461538,1.4738461538,1.4738461538,1.4738461538,1.4738461538,1.4738461538,1.4738461538,1.4738461538,1.4738461538,1.4738461538,1.4738461538,1.4738461538,1.4738461538,1.5062893082,1.4783881954
1.5062893082,1.5062893082,1.5062893082,1.5062893082,1.5062893082,1.5062893082,1.5062893082,1.4738461538,1.4738461538,1.4738461538,1.5062893082,1.4738461538,1.4738461538,1.4738461538,1.4738461538,1.4738461538,1.4738461538,1.4738461538,1.4738461538,1.4738461538,1.4738461538,1.4738461538,1.4738461538,1.4738461538,1.4738461538,1.4738461538,1.4738461538,1.4738461538,1.4738461538,1.4738461538,1.4738461538,1.4738461538,1.4738461538,1.4738461538,1.4738461538,1.4738461538,1.4738461538,1.4738461538,1.4738461538,1.4738461538,1.4738461538,1.4738461538,1.4738461538,1.4738461538,1.4738461538,1.4738461538,1.4738461538,1.4738461538,1.4738461538,1.4738461538,1.5062893082,1.4790370585
1.5062893082,1.5062893082,1.5062893082,1.5062893082,1.4738461538,1.4738461538,1.4738461538,1.4738461538,1.4738461538,1.4738461538,1.4738461538,1.4738461538,1.4738461538,1.4738461538,1.4738461538,1.4738461538,1.4738461538,1.4738461538,1.4738461538,1.4738461538,1.4738461538,1.4738461538,1.4738461538,1.4738461538,1.4738461538,1.4738461538,1.4738461538,1.4738461538,1.4738461538,1.4738461538,1.4738461538,1.4738461538,1.4738461538,1.4738461538,1.4738461538,1.4738461538,1.4738461538,1.4738461538,1.4738461538,1.4738461538,1.4738461538,1.4738461538,1.4738461538,1.4738461538,1.4738461538,1.4738461538,1.4738461538,1.4738461538,1.4738461538,1.4738461538,1.5062893082,1.4764416062
1.5062893082,1.5062893082,1.4738461538,1.4738461538,1.4738461538,1.4738461538,1.4738461538,1.4738461538,1.4738461538,1.4738461538,1.4738461538,1.4738461538,1.4738461538,1.4738461538,1.4738461538,1.4738461538,1.4738461538,1.4738461538,1.4738461538,1.4738461538,1.4738461538,1.4738461538,1.4738461538,1.4738461538,1.4738461538,1.4738461538,1.4738461538,1.4738461538,1.4738461538,1.4738461538,1.4738461538,1.4738461538,1.4738461538,1.4738461538,1.4738461538,1.4738461538,1.4738461538,1.4738461538,1.4738461538,1.4738461538,1.4738461538,1.4738461538,1.4738461538,1.4738461538,1.4738461538,1.4738461538,1.4738461538,1.4738461538,1.4738461538,1.4738461538,1.5062893082,1.47514388
1.5062893082,1.5062893082,1.5062893082,1.4738461538,1.4738461538,1.4738461538,1.4738461538,1.4738461538,1.4738461538,1.4738461538,1.4738461538,1.4738461538,1.4738461538,1.4738461538,1.4738461538,1.4738461538,1.4738461538,1.4738461538,1.4738461538,1.4738461538,1.4738461538,1.4738461538,1.4738461538,1.4738461538,1.4738461538,1.4738461538,1.4738461538,1.4738461538,1.4738461538,1.4738461538,1.4738461538,1.4738461538,1.4738461538,1.4738461538,1.4738461538,1.4738461538,1.4738461538,1.4738461538,1.4738461538,1.4738461538,1.4738461538,1.4738461538,1.4738461538,1.4738461538,1.4738461538,1.4738461538,1.4738461538,1.4738461538,1.4738461538,1.4738461538,1.5062893082,1.4757927431
1.5062893082,1.5062893082,1.5062893082,1.5062893082,1.4738461538,1.4738461538,1.4738461538,1.4738461538,1.4738461538,1.4738461538,1.4738461538,1.4738461538,1.4738461538,1.4738461538,1.4738461538,1.4738461538,1.4738461538,1.4738461538,1.4738461538,1.4738461538,1.4738461538,1.4738461538,1.4738461538,1.4738461538,1.4738461538,1.4738461538,1.4738461538,1.4738461538,1.4738461538,1.4738461538,1.4738461538,1.4738461538,1.4738461538,1.4738461538,1.4738461538,1.4738461538,1.4738461538,1.4738461538,1.4738461538,1.4738461538,1.4738461538,1.4738461538,1.4738461538,1.4738461538,1.4738461538,1.4738461538,1.4738461538,1.4738461538,1.4738461538,1.4738461538,1.5062893082,1.4764416062
1.5062893082,1.4738461538,1.4738461538,1.4738461538,1.4738461538,1.4738461538,1.4738461538,1.4738461538,1.4738461538,1.4738461538,1.4738461538,1.4738461538,1.4738461538,1.4738461538,1.4738461538,1.4738461538,1.4738461538,1.4738461538,1.4738461538,1.4738461538,1.4738461538,1.4738461538,1.4738461538,1.4738461538,1.4738461538,1.4738461538,1.4738461538,1.4738461538,1.4738461538,1.4738461538,1.4738461538,1.4738461538,1.4738461538,1.4738461538,1.4738461538,1.4738461538,1.4738461538,1.4738461538,1.4738461538,1.4738461538,1.4738461538,1.4738461538,1.4738461538,1.4738461538,1.4738461538,1.4738461538,1.4738461538,1.2539267016,1.4738461538,1.4738461538,1.5062893082,1.4700966278
1.4738461538,1.4738461538,1.4738461538,1.4738461538,1.4738461538,1.4738461538,1.4738461538,1.4738461538,1.4738461538,1.4738461538,1.4738461538,1.4738461538,1.4738461538,1.4738461538,1.4738461538,1.4738461538,1.4738461538,1.4738461538,1.4738461538,1.4738461538,1.4738461538,1.4738461538,1.4738461538,1.4738461538,1.4738461538,1.4738461538,1.4738461538,1.4738461538,1.4738461538,1.4738461538,1.4738461538,1.4738461538,1.4738461538,1.4738461538,1.4738461538,1.4738461538,1.4738461538,1.1113689095,1.4738461538,1.4738461538,1.4738461538,1.4738461538,1.4738461538,1.4738461538,1.4738461538,1.4738461538,1.4738461538,1.4738461538,1.2539267016,1.4738461538,1.4738461538,1.4621982199
1.4738461538,1.4738461538,1.4738461538,1.4738461538,1.4738461538,1.4738461538,1.4738461538,1.4738461538,1.4738461538,1.4738461538,1.4738461538,1.4738461538,1.4738461538,1.4738461538,1.4738461538,1.4738461538,1.4738461538,1.4738461538,1.4738461538,1.4738461538,1.4738461538,1.4738461538,1.4738461538,1.4738461538,1.4738461538,1.4738461538,1.4738461538,1.4738461538,1.4738461538,1.4738461538,1.4738461538,1.4738461538,1.4738461538,1.4738461538,1.4738461538,1.4738461538,1.4738461538,1.4738461538,1.4738461538,1.4738461538,1.4738461538,1.4738461538,1.4738461538,1.4738461538,1.4738461538,1.4738461538,1.4738461538,1.4738461538,1.4738461538,1.4738461538,1.4738461538,1.4738461538
1.4738461538,1.4738461538,1.4738461538,1.4738461538,1.4738461538,1.4738461538,1.4738461538,1.4738461538,1.4738461538,1.4738461538,1.4738461538,1.4738461538,1.4738461538,1.4738461538,1.4738461538,1.4738461538,1.4738461538,1.4738461538,1.4738461538,1.4738461538,1.4738461538,1.4738461538,1.4738461538,1.4738461538,1.4738461538,1.4738461538,1.4738461538,1.4738461538,1.4738461538,1.4738461538,1.4738461538,1.4738461538,1.4738461538,1.4738461538,1.4738461538,1.4738461538,1.4738461538,1.4738461538,1.4738461538,1.4738461538,1.4738461538,1.4738461538,1.4738461538,1.4738461538,1.4738461538,1.4738461538,1.4738461538,1.4738461538,1.4738461538,1.4738461538,1.4738461538,1.4738461538
1.4738461538,1.4738461538,1.4738461538,1.4738461538,1.4738461538,1.4738461538,1.4738461538,1.4738461538,1.4738461538,1.4738461538,1.4738461538,1.4738461538,1.4738461538,1.4738461538,1.4738461538,1.4738461538,1.4738461538,1.4738461538,1.4738461538,1.4738461538,1.4738461538,1.4738461538,1.4738461538,1.4738461538,1.4738461538,1.4738461538,1.4738461538,1.4738461538,1.4738461538,1.4738461538,1.4738461538,1.4738461538,1.4738461538,1.4738461538,1.4738461538,1.4738461538,1.4738461538,1.4738461538,1.4738461538,1.4738461538,1.4738461538,1.4738461538,1.4738461538,1.4738461538,1.4738461538,1.4738461538,1.4738461538,1.4738461538,1.4738461538,1.4738461538,1.4738461538,1.4738461538
1.4738461538,1.4738461538,1.4738461538,1.4738461538,1.4738461538,1.4738461538,1.4738461538,1.4738461538,1.4738461538,1.4738461538,1.4738461538,1.4738461538,1.4738461538,1.4738461538,1.4738461538,1.4738461538,1.4738461538,1.4738461538,1.4738461538,1.4738461538,1.4738461538,1.4738461538,1.4738461538,1.4738461538,1.4738461538,1.4738461538,1.4738461538,1.4738461538,1.4738461538,1.4738461538,1.4738461538,1.4738461538,1.4738461538,1.4738461538,1.4738461538,1.4738461538,1.4738461538,1.4738461538,1.4738461538,1.4738461538,1.4738461538,1.4738461538,1.4738461538,1.4738461538,1.4738461538,1.4738461538,1.4738461538,1.4738461538,1.4738461538,1.4738461538,1.4738461538,1.4738461538
1.4738461538,1.4738461538,1.4738461538,1.4738461538,1.4738461538,1.4738461538,1.4738461538,1.4738461538,1.4738461538,1.4738461538,1.4738461538,1.4738461538,1.4738461538,1.4738461538,1.4738461538,1.4738461538,1.4738461538,1.4738461538,1.4738461538,1.4738461538,1.4738461538,1.4738461538,1.4738461538,1.4738461538,1.4738461538,1.4738461538,1.4738461538,1.4738461538,1.4738461538,1.4738461538,1.4738461538,1.4738461538,1.4738461538,1.4738461538,1.4738461538,1.3342618384,1.4738461538,1.4738461538,1.4738461538,1.4738461538,1.4738461538,1.4738461538,1.4738461538,1.4738461538,1.4738461538,1.4738461538,1.4738461538,1.4738461538,1.4738461538,1.4738461538,1.4738461538,1.4710544675
1.4738461538,1.4738461538,1.4738461538,1.4738461538,1.4738461538,1.4738461538,1.4738461538,1.4738461538,1.4738461538,1.4738461538,1.4738461538,1.4738461538,1.4738461538,1.4738461538,1.4738461538,1.4738461538,1.4738461538,1.4738461538,1.4738461538,1.4738461538,1.4738461538,1.4738461538,1.4738461538,1.4738461538,1.4738461538,1.4738461538,1.4738461538,1.4738461538,1.4738461538,1.4738461538,1.4738461538,1.4738461538,1.4738461538,1.4738461538,1.4738461538,1.3342618384,1.4738461538,1.4738461538,1.4738461538,1.4738461538,1.4738461538,1.4738461538,1.4738461538,1.4738461538,1.4738461538,1.4738461538,1.4738461538,1.4738461538,1.4738461538,1.4738461538,1.4738461538,1.4710544675
1.4738461538,1.4738461538,1.4738461538,1.4738461538,1.4738461538,1.4738461538,1.4738461538,1.4738461538,1.4738461538,1.4738461538,1.4738461538,1.4738461538,1.4738461538,1.4738461538,1.4738461538,1.4738461538,1.4738461538,1.4738461538,1.4738461538,1.4738461538,1.4738461538,1.4738461538,1.4738461538,1.4738461538,1.4738461538,1.4738461538,1.4738461538,1.4738461538,1.4738461538,1.4738461538,1.4738461538,1.4738461538,1.4738461538,1.4738461538,1.4738461538,1.4738461538,1.4738461538,1.4738461538,1.3342618384,1.4738461538,1.4738461538,1.4738461538,1.4738461538,1.4738461538,1.4738461538,1.4738461538,1.4738461538,1.4738461538,1.4738461538,1.4738461538,1.4738461538,1.4710544675
1.4738461538,1.4738461538,1.4738461538,1.4738461538,1.4738461538,1.4738461538,1.4738461538,1.4738461538,1.4738461538,1.4738461538,1.4738461538,1.4738461538,1.4738461538,1.4738461538,1.4738461538,1.4738461538,1.4738461538,1.4738461538,1.4738461538,1.4738461538,1.4738461538,1.4738461538,1.4738461538,1.4738461538,1.4738461538,1.4738461538,1.4738461538,1.4738461538,1.4738461538,1.4738461538,1.4738461538,1.4738461538,1.4738461538,1.4738461538,1.4738461538,1.4738461538,1.3342618384,1.3342618384,1.4738461538,1.4738461538,1.4738461538,1.4738461538,1.4738461538,1.4738461538,1.4738461538,1.4738461538,1.4738461538,1.4738461538,1.4738461538,1.4738461538,1.4738461538,1.4682627812
1.4738461538,1.4738461538,1.4738461538,1.4738461538,1.4738461538,1.4738461538,1.4738461538,1.4738461538,1.4738461538,1.4738461538,1.4738461538,1.4738461538,1.4738461538,1.4738461538,1.4738461538,1.4738461538,1.4738461538,1.4738461538,1.4738461538,1.4738461538,1.4738461538,1.4738461538,1.4738461538,1.4738461538,1.4738461538,1.4738461538,1.4738461538,1.4738461538,1.4738461538,1.4738461538,1.4738461538,1.4738461538,1.4738461538,1.4738461538,1.4738461538,1.4738461538,1.4738461538,1.3342618384,1.3342618384,1.3342618384,1.4738461538,1.3342618384,1.4738461538,1.3342618384,1.4738461538,1.4738461538,1.4738461538,1.4738461538,1.4738461538,1.4738461538,1.4738461538,1.4598877223
1.4738461538,1.4738461538,1.4738461538,1.4738461538,1.4738461538,1.4738461538,1.4738461538,1.4738461538,1.4738461538,1.4738461538,1.4738461538,1.4738461538,1.4738461538,1.4738461538,1.4738461538,1.4738461538,1.4738461538,1.4738461538,1.4738461538,1.4738461538,1.4738461538,1.4738461538,1.4738461538,1.4738461538,1.4738461538,1.4738461538,1.4738461538,1.4738461538,1.4738461538,1.3724928367,1.4738461538,1.4738461538,1.4738461538,1.4738461538,1.3342618384,1.3342618384,1.3342618384,1.4738461538,1.4738461538,1.4738461538,1.4738461538,1.3342618384,1.3342618384,1.3342618384,1.4738461538,1.4738461538,1.3342618384,1.4738461538,1.4738461538,1.4738461538,1.4738461538,1.4522772833
1.4738461538,1.4738461538,1.4738461538,1.4738461538,1.4738461538,1.4738461538,1.4738461538,1.4738461538,1.4738461538,1.4738461538,1.4738461538,1.4738461538,1.4738461538,1.4738461538,1.4738461538,1.4738461538,1.4738461538,1.4738461538,1.4738461538,1.4738461538,1.4738461538,1.4738461538,1.4738461538,1.4738461538,1.4738461538,1.4738461538,1.4738461538,1.4738461538,1.4738461538,1.4738461538,1.4738461538,1.4738461538,1.3724928367,1.3342618384,1.3342618384,1.3342618384,1.3342618384,1.4738461538,1.3342618384,1.4738461538,1.4738461538,1.4738461538,1.4738461538,1.3342618384,1.3342618384,1.4738461538,1.3342618384,1.4738461538,1.3342618384,1.4738461538,1.4738461538,1.4466939107
1.4738461538,1.4738461538,1.4738461538,1.4738461538,1.4738461538,1.4738461538,1.4738461538,1.4738461538,1.4738461538,1.4738461538,1.4738461538,1.4738461538,1.4738461538,1.4738461538,1.4738461538,1.4738461538,1.4738461538,1.4738461538,1.4738461538,1.4738461538,1.4738461538,1.4738461538,1.4738461538,1.4738461538,1.4738461538,1.4738461538,1.4738461538,1.4738461538,1.4738461538,1.4738461538,1.4738461538,1.3724928367,1.3342618384,1.3342618384,1.3342618384,1.4738461538,1.4738461538,1.4738461538,1.4738461538,1.4738461538,1.3342618384,1.3342618384,1.3342618384,1.3342618384,1.3342618384,1.4738461538,1.4738461538,1.3342618384,1.3342618384,1.4738461538,1.4738461538,1.4439022244
1.4738461538,1.4738461538,1.4738461538,1.4738461538,1.4738461538,1.4738461538,1.4738461538,1.4738461538,1.4738461538,1.4738461538,1.4738461538,1.4738461538,1.4738461538,1.4738461538,1.4738461538,1.4738461538,1.4738461538,1.4738461538,1.4738461538,1.4738461538,1.4738461538,1.4738461538,1.4738461538,1.4738461538,1.4738461538,1.4738461538,1.4738461538,1.4738461538,1.4738461538,1.4738461538,1.4738461538,1.4738461538,1.4738461538,1.4738461538,1.4738461538,1.4738461538,1.3724928367,1.3342618384,1.3342618384,1.4738461538,1.3342618384,1.4738461538,1.3342618384,1.3342618384,1.3342618384,1.3342618384,1.3342618384,1.3342618384,1.4738461538,1.4738461538,1.4738461538,1.4466939107
1.4738461538,1.4738461538,1.4738461538,1.4738461538,1.4738461538,1.4738461538,1.4738461538,1.4738461538,1.4738461538,1.4738461538,1.4738461538,1.4738461538,1.4738461538,1.4738461538,1.4738461538,1.4738461538,1.4738461538,1.4738461538,1.4738461538,1.4738461538,1.4738461538,1.4738461538,1.4738461538,1.4738461538,1.4738461538,1.4738461538,1.4738461538,1.4738461538,1.4738461538,1.4738461538,1.4738461538,1.4738461538,1.4738461538,1.4738461538,1.4738461538,1.4738461538,1.4738461538,1.4738461538,1.4738461538,1.4738461538,1.3342618384,1.4738461538,1.3342618384,1.3342618384,1.3342618384,1.3342618384,1.3342618384,1.4738461538,1.4738461538,1.4738461538,1.4738461538,1.457096036
1.4738461538,1.4738461538,1.4738461538,1.4738461538,1.4738461538,1.4738461538,1.4738461538,1.4738461538,1.4738461538,1.4738461538,1.4738461538,1.4738461538,1.4738461538,1.4738461538,1.4738461538,1.4738461538,1.4738461538,1.4738461538,1.4738461538,1.4738461538,1.4738461538,1.4738461538,1.4738461538,1.4738461538,1.4738461538,1.4738461538,1.4738461538,1.4738461538,1.4738461538,1.4738461538,1.4738461538,1.4738461538,1.4738461538,1.4738461538,1.4738461538,1.4738461538,1.4738461538,1.3342618384,1.3342618384,1.3342618384,1.4738461538,1.3342618384,1.3342618384,1.3342618384,1.3342618384,1.3342618384,1.4738461538,1.3342618384,1.4738461538,1.4738461538,1.4738461538,1.448720977
1.4738461538,1.4738461538,1.4738461538,1.4738461538,1.4738461538,1.4738461538,1.4738461538,1.4738461538,1.4738461538,1.4738461538,1.4738461538,1.4738461538,1.4738461538,1.4738461538,1.4738461538,1.4738461538,1.4738461538,1.4738461538,1.4738461538,1.4738461538,1.4738461538,1.4738461538,1.4738461538,1.4738461538,1.4738461538,1.4738461538,1.4738461538,1.4738461538,1.4738461538,1.4738461538,1.4738461538,1.4738461538,1.4738461538,1.4738461538,1.4738461538,1.4738461538,1.4738461538,1.4738461538,1.4738461538,1.4738461538,1.4738461538,1.3342618384,1.3342618384,1.3342618384,1.3342618384,1.3342618384,1.3342618384,1.3342618384,1.4738461538,1.4738461538,1.4738461538,1.4543043496
1.4738461538,1.4738461538,1.4738461538,1.4738461538,1.4738461538,1.4738461538,1.4738461538,1.4738461538,1.4738461538,1.4738461538,1.4738461538,1.4738461538,1.4738461538,1.4738461538,1.4738461538,1.4738461538,1.4738461538,1.4738461538,1.4738461538,1.4738461538,1.4738461538,1.4738461538,1.4738461538,1.4738461538,1.4738461538,1.4738461538,1.4738461538,1.4738461538,1.4738461538,1.4738461538,1.4738461538,1.4738461538,1.4738461538,1.4738461538,1.4738461538,1.4738461538,1.4738461538,1.4738461538,1.4738461538,1.4738461538,1.3342618384,1.3342618384,1.3342618384,1.3342618384,1.3342618384,1.3342618384,1.4738461538,1.3342618384,1.4738461538,1.4738461538,1.4738461538,1.4543043496
1.4738461538,1.4738461538,1.4738461538,1.4738461538,1.4738461538,1.4738461538,1.4738461538,1.4738461538,1.4738461538,1.4738461538,1.4738461538,1.4738461538,1.4738461538,1.4738461538,1.4738461538,1.4738461538,1.4738461538,1.4738461538,1.4738461538,1.4738461538,1.4738461538,1.4738461538,1.4738461538,1.4738461538,1.4738461538,1.4738461538,1.4738461538,1.4738461538,1.4738461538,1.4738461538,1.4738461538,1.4738461538,1.4738461538,1.4738461538,1.4738461538,1.4738461538,1.4738461538,1.4738461538,1.4738461538,1.4738461538,1.4738461538,1.3342618384,1.3342618384,1.3342618384,1.3342618384,1.3342618384,1.4738461538,1.3342618384,1.4738461538,1.4738461538,1.4738461538,1.457096036
1.4738461538,1.4738461538,1.4738461538,1.4738461538,1.4738461538,1.4738461538,1.4738461538,1.4738461538,1.4738461538,1.4738461538,1.4738461538,1.4738461538,1.4738461538,1.4738461538,1.4738461538,1.4738461538,1.4738461538,1.4738461538,1.4738461538,1.4738461538,1.4738461538,1.4738461538,1.4738461538,1.4738461538,1.4738461538,1.4738461538,1.4738461538,1.4738461538,1.4738461538,1.4738461538,1.4738461538,1.4738461538,1.4738461538,1.4738461538,1.4738461538,1.4738461538,1.4738461538,1.4738461538,1.4738461538,1.4738461538,1.4738461538,1.4738461538,1.4738461538,1.4738461538,1.3342618384,1.3342618384,1.4738461538,1.4738461538,1.4738461538,1.3342618384,1.4738461538,1.4654710949
1.4738461538,1.4738461538,1.4738461538,1.4738461538,1.4738461538,1.4738461538,1.4738461538,1.4738461538,1.4738461538,1.4738461538,1.4738461538,1.4738461538,1.4738461538,1.4738461538,1.4738461538,1.4738461538,1.4738461538,1.4738461538,1.4738461538,1.4738461538,1.4738461538,1.4738461538,1.4738461538,1.4738461538,1.4738461538,1.4738461538,1.4738461538,1.4738461538,1.4738461538,1.4738461538,1.4738461538,1.4738461538,1.4738461538,1.4738461538,1.4738461538,1.4738461538,1.4738461538,1.4738461538,1.4738461538,1.4738461538,1.4738461538,1.4738461538,1.3342618384,1.4738461538,1.3342618384,1.3342618384,1.3342618384,1.4738461538,1.4738461538,1.4738461538,1.4738461538,1.4626794086
1.4738461538,1.4738461538,1.4738461538,1.4738461538,1.4738461538,1.4738461538,1.4738461538,1.4738461538,1.4738461538,1.4738461538,1.4738461538,1.4738461538,1.4738461538,1.4738461538,1.4738461538,1.4738461538,1.4738461538,1.4738461538,1.4738461538,1.4738461538,1.4738461538,1.4738461538,1.4738461538,1.4738461538,1.4738461538,1.4738461538,1.4738461538,1.4738461538,1.4738461538,1.4738461538,1.4738461538,1.4738461538,1.4738461538,1.4738461538,1.4738461538,1.4738461538,1.4738461538,1.4738461538,1.4738461538,1.4738461538,1.4738461538,1.4738461538,1.4738461538,1.4738461538,1.3342618384,1.4738461538,1.3342618384,1.4738461538,1.4738461538,1.4738461538,1.4738461538,1.4682627812
1.4738461538,1.4738461538,1.4738461538,1.4738461538,1.4738461538,1.4738461538,1.4738461538,1.4738461538,1.4738461538,1.4738461538,1.4738461538,1.4738461538,1.4738461538,1.4738461538,1.4738461538,1.4738461538,1.4738461538,1.4738461538,1.4738461538,1.4738461538,1.4738461538,1.4738461538,1.4738461538,1.4738461538,1.4738461538,1.4738461538,1.4738461538,1.4738461538,1.4738461538,1.4738461538,1.4738461538,1.4738461538,1.4738461538,1.4738461538,1.4738461538,1.4738461538,1.4738461538,1.4738461538,1.4738461538,1.4738461538,1.4738461538,1.4738461538,1.4738461538,1.4738461538,1.3342618384,1.4738461538,1.4738461538,1.4738461538,1.4738461538,1.4738461538,1.4738461538,1.4710544675
1.4738461538,1.4738461538,1.4738461538,1.4738461538,1.4738461538,1.4738461538,1.4738461538,1.4738461538,1.4738461538,1.4738461538,1.4738461538,1.4738461538,1.4738461538,1.4738461538,1.4738461538,1.4738461538,1.4738461538,1.4738461538,1.4738461538,1.4738461538,1.4738461538,1.4738461538,1.4738461538,1.4738461538,1.4738461538,1.4738461538,1.4738461538,1.4738461538,1.4738461538,1.4738461538,1.4738461538,1.4738461538,1.4738461538,1.4738461538,1.4738461538,1.4738461538,1.4738461538,1.4738461538,1.4738461538,1.4738461538,1.4738461538,1.4738461538,1.3342618384,1.3342618384,1.3342618384,1.4738461538,1.4738461538,1.4738461538,1.3342618384,1.4738461538,1.4738461538,1.4626794086
1.4738461538,1.4738461538,1.4738461538,1.4738461538,1.4738461538,1.4738461538,1.4738461538,1.4738461538,1.4738461538,1.4738461538,1.4738461538,1.4738461538,1.4738461538,1.4738461538,1.4738461538,1.4738461538,1.4738461538,1.4738461538,1.4738461538,1.4738461538,1.4738461538,1.4738461538,1.4738461538,1.4738461538,1.4738461538,1.4738461538,1.4738461538,1.4738461538,1.4738461538,1.4738461538,1.4738461538,1.4738461538,1.4738461538,1.4738461538,1.4738461538,1.4738461538,1.4738461538,1.4738461538,1.4738461538,1.4738461538,1.4738461538,1.4738461538,1.4738461538,1.4738461538,1.4738461538,1.4738461538,1.4738461538,1.3342618384,1.4738461538,1.4738461538,1.4738461538,1.4710544675
1.4738461538,1.4738461538,1.4738461538,1.4738461538,1.4738461538,1.4738461538,1.4738461538,1.4738461538,1.4738461538,1.4738461538,1.4738461538,1.4738461538,1.4738461538,1.4738461538,1.4738461538,1.4738461538,1.4738461538,1.4738461538,1.4738461538,1.4738461538,1.4738461538,1.4738461538,1.3724928367,1.4738461538,1.4738461538,1.4738461538,1.4738461538,1.4738461538,1.4738461538,1.4738461538,1.4738461538,1.4738461538,1.4738461538,1.4738461538,1.4738461538,1.4738461538,1.4738461538,1.4738461538,1.4738461538,1.4738461538,1.4738461538,1.4738461538,1.4738461538,1.4738461538,1.4738461538,1.4738461538,1.4738461538,1.4738461538,1.4738461538,1.3342618384,1.4738461538,1.4690274012
1.4738461538,1.4738461538,1.4738461538,1.4738461538,1.4738461538,1.4738461538,1.4738461538,1.4738461538,1.4738461538,1.4738461538,1.4738461538,1.4738461538,1.4738461538,1.4738461538,1.4738461538,1.4738461538,1.4738461538,1.4738461538,1.4738461538,1.4738461538,1.4738461538,1.4738461538,1.3724928367,1.3724928367,1.4738461538,1.4738461538,1.4738461538,1.4738461538,1.4738461538,1.4738461538,1.4738461538,1.4738461538,1.4738461538,1.4738461538,1.4738461538,1.4738461538,1.4738461538,1.4738461538,1.4738461538,1.4738461538,1.4738461538,1.4738461538,1.4738461538,1.4738461538,1.4738461538,1.4738461538,1.4738461538,1.4738461538,1.4738461538,1.3342618384,1.4738461538,1.4670003348
1.4471299094,1.4738461538,1.4738461538,1.4738461538,1.4738461538,1.4738461538,1.4738461538,1.4738461538,1.4738461538,1.4738461538,1.4738461538,1.4738461538,1.4738461538,1.4738461538,1.4738461538,1.4738461538,1.4738461538,1.4738461538,1.4738461538,1.4738461538,1.4738461538,1.4738461538,1.3724928367,1.3724928367,1.4738461538,1.4738461538,1.4738461538,1.4738461538,1.4738461538,1.4738461538,1.4738461538,1.4738461538,1.4738461538,1.4738461538,1.4738461538,1.4738461538,1.4738461538,1.4738461538,1.4738461538,1.4738461538,1.4738461538,1.4738461538,1.4738461538,1.4738461538,1.4738461538,1.4738461538,1.4738461538,1.4738461538,1.3342618384,1.4738461538,1.4738461538,1.4664660099
1.4471299094,1.4738461538,1.4738461538,1.4738461538,1.4738461538,1.4471299094,1.4738461538,1.4738461538,1.4738461538,1.4738461538,1.4738461538,1.4738461538,1.4738461538,1.4738461538,1.4738461538,1.4738461538,1.4738461538,1.4738461538,1.4738461538,1.3724928367,1.4738461538,1.4738461538,1.4738461538,1.4738461538,1.4738461538,1.4738461538,1.4738461538,1.4738461538,1.4738461538,1.4738461538,1.4738461538,1.4738461538,1.4738461538,1.4738461538,1.4738461538,1.4738461538,1.4738461538,1.4738461538,1.4738461538,1.4738461538,1.4738461538,1.4738461538,1.4738461538,1.4738461538,1.4738461538,1.4738461538,1.4738461538,1.3342618384,1.3342618384,1.4738461538,1.4738461538,1.4651670651
1.4738461538,1.4738461538,1.4471299094,1.4738461538,1.4738461538,1.4738461538,1.4738461538,1.4738461538,1.4738461538,1.4738461538,1.4738461538,1.4738461538,1.4738461538,1.4738461538,1.4738461538,1.4738461538,1.4738461538,1.4738461538,1.4738461538,1.4738461538,1.4738461538,1.4738461538,1.4738461538,1.4738461538,1.4738461538,1.4738461538,1.4738461538,1.4738461538,1.4738461538,1.4738461538,1.4738461538,1.4738461538,1.4738461538,1.4738461538,1.4738461538,1.4738461538,1.4738461538,1.4738461538,1.4738461538,1.4738461538,1.4738461538,1.4738461538,1.4738461538,1.4738461538,1.3342618384,1.4738461538,1.3342618384,1.3342618384,1.4738461538,1.4738461538,1.4738461538,1.46493677
