1.0067226891,1,1,1.2854077253,1.2965367965,1.9322580645,1.3995327103,1.5203045685,3.0406091371,1.2854077253,1.2965367965,1.8374233129,1.5518134715,1.9322580645,1.8374233129,1.5088161209,1.5088161209,1.5518134715,1.9322580645,1.5518134715,1.7212643678,1.2854077253,1.5398457584,1.9322580645,1.9385113269,3.1693121693,3.1693121693,1.4028103044,3.74375,1,1.0067226891,1.3995327103,1.0067226891,1.2854077253,2.6622222222,1.7212643678,1.5088161209,1.2854077253,1.8374233129,1,2.5274261603,1.0067226891,1.6456043956,1.0067226891,1.6456043956,1.7212643678,1.5088161209,2.8660287081,1,1.0067226891,3.74375,1.6565331058
1.2854077253,1.2854077253,1.3995327103,1.2965367965,1.9322580645,1.8374233129,1.8374233129,1.5088161209,1.5518134715,1.9322580645,1.2965367965,1.8374233129,1.5518134715,1.5518134715,1.2854077253,2.5274261603,1.9385113269,1.9385113269,3.1693121693,3.1693121693,1.9385113269,3.1693121693,3.1693121693,3.1693121693,3.1693121693,3.4825581395,1,1.3995327103,1.3995327103,1.3995327103,1.3995327103,1.0067226891,1.2854077253,1.2854077253,2.2950191571,2.286259542,1.0067226891,1.8374233129,1.8374233129,2.5274261603,2.5274261603,1.2854077253,1.6456043956,1.7212643678,1.6456043956,1.6456043956,1.7212643678,1.6456043956,2.286259542,1.0067226891,3.4825581395,1.8665593794
1.2854077253,1.2854077253,1.3995327103,1.2965367965,1.5203045685,1.8374233129,1.2854077253,1.2965367965,1.5518134715,1.5203045685,1.5518134715,2.5274261603,1.9385113269,1.9385113269,1.9385113269,3.1693121693,3.1693121693,3.1693121693,3.1693121693,1.9385113269,3.1693121693,3.1693121693,3.1693121693,3.1693121693,3.1693121693,3.1361256545,1.3995327103,1,1.3995327103,1.0067226891,2.2950191571,2.286259542,1.0067226891,1.9322580645,2.5274261603,2.5274261603,1.9385113269,1.6456043956,1.7212643678,1.7212643678,1.7212643678,1.7212643678,1.6456043956,1.6456043956,1.7212643678,1.7212643678,1.6456043956,1.7212643678,2.1941391941,2.286259542,3.1693121693,2.0040594724
1.2854077253,1.2854077253,1.2854077253,1.2854077253,1.3995327103,1.5203045685,1.2965367965,1.0067226891,3.1693121693,1.2965367965,2.5274261603,2.5274261603,1.9385113269,3.1693121693,3.1693121693,1.9385113269,3.1693121693,3.1693121693,3.1693121693,3.1693121693,3.1693121693,3.1693121693,3.1693121693,3.1693121693,3.1693121693,3.1693121693,3.1693121693,3.1693121693,3.1693121693,3.1693121693,3.1693121693,3.1693121693,1,1,1.5888594164,2.5274261603,2.2950191571,1.9322580645,2.5274261603,1.7212643678,1.7212643678,1.7212643678,1.7212643678,1.6456043956,1.6456043956,1.7212643678,1.6456043956,2.286259542,2.286259542,2.1941391941,3.1693121693,2.2798170583
1.2854077253,1.5088161209,1.2965367965,1.2965367965,1.5203045685,1.2965367965,3.1693121693,2.5274261603,2.2950191571,3.1693121693,3.1693121693,3.1693121693,3.1693121693,3.1693121693,3.1693121693,3.1693121693,3.1693121693,3.1693121693,3.1693121693,3.1693121693,3.1693121693,3.1693121693,3.1693121693,3.1693121693,3.1693121693,3.1693121693,3.1693121693,3.1693121693,3.1693121693,3.1693121693,3.1693121693,2.5274261603,1,1,1,2.2950191571,2.2950191571,2.5274261603,2.2950191571,1.9322580645,2.5274261603,1.7212643678,1.7212643678,1.7212643678,1.6456043956,1.6456043956,1.6456043956,1.7212643678,3.0406091371,2.1941391941,3.1693121693,2.4475395404
1.2854077253,2.5062761506,2.2950191571,3.1693121693,3.1693121693,3.1693121693,3.1693121693,3.1693121693,3.1693121693,3.1693121693,3.1693121693,3.1693121693,3.1693121693,3.1693121693,3.1693121693,3.1693121693,3.1693121693,3.1693121693,3.1693121693,3.1693121693,3.1693121693,3.1693121693,3.1693121693,3.1693121693,3.1693121693,3.1693121693,3.1693121693,3.1693121693,3.1693121693,3.1693121693,3.1693121693,3.1693121693,3.1693121693,2.5274261603,2.5274261603,1,2.2950191571,2.5274261603,2.2950191571,2.2950191571,2.2950191571,2.5274261603,1.7212643678,1.6456043956,1.6456043956,1.7212643678,1.7212643678,2.1941391941,3.0406091371,2.1941391941,3.1693121693,2.746794776
1.2854077253,2.5062761506,3.1693121693,2.2950191571,3.1693121693,3.1693121693,3.1693121693,3.1693121693,3.1693121693,3.1693121693,3.1693121693,3.1693121693,3.1693121693,3.1693121693,3.1693121693,3.1693121693,3.1693121693,3.1693121693,3.1693121693,3.1693121693,3.1693121693,3.1693121693,3.1693121693,3.1693121693,3.1693121693,3.1693121693,3.1693121693,3.1693121693,3.1693121693,3.1693121693,3.1693121693,3.1693121693,3.1693121693,3.1693121693,3.1693121693,3.1693121693,3.1693121693,3.1693121693,3.1693121693,3.1693121693,1,2.2950191571,2.5274261603,3.1693121693,1.6456043956,1.6456043956,1.7212643678,1.7212643678,1.6456043956,2.286259542,3.1693121693,2.860172245
3.1693121693,2.5274261603,3.1361256545,3.1693121693,3.1693121693,3.1693121693,3.1693121693,3.1693121693,3.1693121693,3.1693121693,3.1693121693,3.1693121693,3.1693121693,3.1693121693,3.1693121693,3.1693121693,3.1693121693,3.1693121693,3.1693121693,3.1693121693,3.1693121693,3.1693121693,3.1693121693,3.1693121693,3.1693121693,3.1693121693,3.1693121693,3.1693121693,3.1693121693,3.1693121693,3.1693121693,3.1693121693,3.1693121693,3.1693121693,3.1693121693,3.1693121693,3.1693121693,3.1693121693,3.1693121693,3.1693121693,3.1693121693,3.1693121693,3.1693121693,3.1693121693,3.1693121693,3.1693121693,2.5062761506,1.9322580645,1.7212643678,3.0406091371,3.1693121693,3.0862738997
2.5274261603,3.1693121693,3.1361256545,3.1361256545,3.1693121693,3.1693121693,3.1693121693,3.1693121693,3.1693121693,3.1693121693,3.1693121693,3.1693121693,3.1693121693,3.1693121693,3.1693121693,3.1693121693,3.1693121693,3.1693121693,3.1693121693,3.1693121693,3.1693121693,3.1693121693,3.1693121693,3.1693121693,3.1693121693,3.1693121693,3.1693121693,3.1693121693,3.1693121693,3.1693121693,3.1693121693,3.1693121693,3.1693121693,3.1693121693,3.74375,3.1693121693,3.1693121693,3.1693121693,3.1693121693,3.1693121693,3.1693121693,3.1693121693,3.1693121693,3.1693121693,3.1693121693,3.1693121693,3.1693121693,2.5062761506,3.0406091371,1.9322580645,3.74375,3.126059882
3.1361256545,2.5062761506,3.1693121693,3.1693121693,3.1693121693,3.1693121693,3.1693121693,3.1693121693,3.1693121693,3.1693121693,3.1693121693,3.1693121693,3.1693121693,3.1693121693,3.1693121693,3.1693121693,3.1693121693,3.1693121693,3.1693121693,3.1693121693,3.1693121693,3.1693121693,3.1693121693,3.1693121693,3.1693121693,3.1693121693,3.1693121693,3.1693121693,3.1693121693,3.1693121693,3.1693121693,3.1693121693,3.1693121693,3.1693121693,3.1693121693,3.74375,3.74375,3.1693121693,3.1693121693,3.1693121693,3.1693121693,3.1693121693,3.1693121693,3.1693121693,3.1693121693,3.1693121693,3.1361256545,2.5062761506,2.5274261603,3.0406091371,3.74375,3.1490290004
2.5062761506,3.1693121693,3.1693121693,3.1361256545,3.1693121693,3.1693121693,3.1693121693,3.1693121693,3.1693121693,3.1693121693,3.1693121693,3.1693121693,3.1693121693,3.1693121693,3.1693121693,3.1693121693,3.1693121693,3.1693121693,3.1693121693,3.1693121693,3.1693121693,3.1693121693,3.1693121693,3.1693121693,3.1693121693,3.1693121693,3.1693121693,3.1693121693,3.1693121693,3.1693121693,3.1693121693,3.1693121693,3.1693121693,3.74375,3.74375,3.1693121693,3.1693121693,3.1693121693,3.1693121693,3.1693121693,3.1693121693,3.1693121693,3.1693121693,3.1693121693,3.1361256545,3.1693121693,2.5062761506,2.5062761506,2.5274261603,2.5274261603,3.74375,3.1255046205
3.1693121693,2.5062761506,3.1693121693,3.1693121693,3.1693121693,3.1693121693,3.1693121693,3.1693121693,3.1693121693,3.1693121693,3.1693121693,3.1693121693,3.1693121693,3.1693121693,3.1693121693,3.1693121693,3.1693121693,3.1693121693,3.1693121693,3.1693121693,3.1693121693,3.1693121693,3.1693121693,3.1693121693,3.1693121693,3.1693121693,3.1693121693,3.1693121693,3.1693121693,3.1693121693,3.1693121693,3.1693121693,3.1693121693,3.1693121693,3.1693121693,3.1693121693,3.1693121693,3.1693121693,3.1693121693,3.1693121693,2.5062761506,2.5062761506,2.5062761506,2.5062761506,2.5062761506,2.5274261603,2.5062761506,2.5274261603,2.5274261603,2.5274261603,3.1693121693,3.025136246
3.1693121693,2.5062761506,3.1693121693,3.1693121693,3.1693121693,3.1693121693,3.1693121693,3.1693121693,3.1693121693,3.1693121693,3.1693121693,3.1693121693,3.1693121693,3.1693121693,3.1693121693,3.1693121693,3.1693121693,3.1693121693,3.1693121693,3.1693121693,3.1693121693,3.1693121693,3.1693121693,3.1693121693,3.1693121693,3.1693121693,3.1693121693,3.1693121693,3.1693121693,3.1693121693,3.1693121693,3.1693121693,3.1693121693,3.1693121693,3.1693121693,3.1693121693,3.1693121693,3.1693121693,3.1693121693,3.1693121693,3.1693121693,3.1693121693,3.1693121693,3.1693121693,2.5062761506,2.5062761506,2.5062761506,2.5062761506,2.5274261603,2.5274261603,3.1693121693,3.0773331271
3.1693121693,2.5062761506,3.1693121693,3.1693121693,3.1693121693,2.5062761506,3.1693121693,3.1693121693,3.1693121693,3.1693121693,3.1693121693,3.1693121693,3.1693121693,3.1693121693,3.1693121693,3.1693121693,3.1693121693,3.1693121693,3.1693121693,3.1693121693,3.1693121693,3.1693121693,3.1693121693,3.1693121693,3.1693121693,3.1693121693,3.1693121693,3.1693121693,3.1693121693,3.1693121693,3.1693121693,3.1693121693,3.1693121693,3.1693121693,3.1693121693,3.1693121693,3.1693121693,3.1693121693,3.1693121693,3.1693121693,3.1693121693,3.1693121693,3.1693121693,2.5062761506,3.1693121693,2.5062761506,2.5062761506,2.5062761506,2.5274261603,2.5062761506,3.1693121693,3.0636494065
3.1693121693,3.1693121693,3.1693121693,3.1693121693,3.1693121693,3.1693121693,3.1693121693,3.1693121693,3.1693121693,3.1361256545,3.1693121693,2.5274261603,3.1693121693,3.1693121693,3.1693121693,3.1693121693,3.1693121693,3.1693121693,3.1693121693,3.1693121693,3.1693121693,3.1693121693,3.1693121693,3.1693121693,3.1693121693,3.1693121693,3.1693121693,3.1693121693,3.1693121693,3.1693121693,3.1693121693,3.1693121693,3.1693121693,3.1693121693,3.1693121693,3.1693121693,3.1693121693,3.1693121693,3.1693121693,3.1693121693,3.1693121693,3.1693121693,3.1693121693,3.1693121693,2.5062761506,2.5062761506,2.5274261603,2.5274261603,2.5274261603,2.5062761506,3.1693121693,3.0775153972
3.1693121693,3.1693121693,3.1693121693,3.1693121693,3.1693121693,3.1693121693,3.1693121693,2.5274261603,3.1693121693,3.1693121693,3.1693121693,3.1693121693,3.1693121693,3.1693121693,3.1693121693,3.1693121693,3.1693121693,3.1693121693,3.1693121693,3.1693121693,3.1693121693,3.1693121693,3.1693121693,3.1693121693,3.1693121693,3.1693121693,3.1693121693,3.1693121693,3.1693121693,3.1693121693,3.1693121693,3.1693121693,3.1693121693,3.1693121693,3.1693121693,3.1693121693,3.1693121693,3.1693121693,3.1693121693,3.1693121693,3.1693121693,3.1693121693,3.1693121693,3.1693121693,3.1693121693,3.1693121693,3.1693121693,3.1693121693,2.5062761506,2.5062761506,3.1693121693,3.1299530084
3.1693121693,3.1693121693,3.1693121693,3.1693121693,3.1693121693,3.1693121693,3.1693121693,3.1693121693,3.1693121693,3.1693121693,3.1693121693,3.1693121693,3.1693121693,3.1693121693,3.1693121693,3.1693121693,3.1693121693,3.1693121693,3.1693121693,3.1693121693,3.1693121693,3.1693121693,3.1693121693,3.1693121693,3.1693121693,3.1693121693,3.1693121693,3.1693121693,3.1693121693,3.1693121693,3.1693121693,3.1693121693,3.1693121693,3.1693121693,3.1693121693,3.1693121693,3.1693121693,3.1693121693,3.1693121693,3.1693121693,3.1693121693,3.1693121693,3.1693121693,3.1693121693,3.1693121693,3.1693121693,3.1693121693,3.1693121693,3.1693121693,3.1693121693,3.1693121693,3.1693121693
3.1693121693,3.1693121693,3.1693121693,3.1693121693,3.1693121693,3.1693121693,3.1693121693,3.1693121693,3.1693121693,3.1693121693,3.1693121693,3.1693121693,3.1693121693,3.1693121693,3.1693121693,3.1693121693,3.1693121693,3.1693121693,3.1693121693,3.1693121693,3.1693121693,3.1693121693,3.1693121693,3.1693121693,3.1693121693,3.1693121693,3.1693121693,3.1693121693,3.1693121693,3.1693121693,3.1693121693,3.1693121693,3.1693121693,3.1693121693,3.1693121693,3.1693121693,3.1693121693,3.1693121693,3.1693121693,3.1693121693,3.1693121693,3.1693121693,3.1693121693,3.1693121693,3.1693121693,3.1693121693,3.1693121693,3.1693121693,3.1693121693,3.1693121693,3.1693121693,3.1693121693
3.1693121693,3.1693121693,3.1693121693,3.1693121693,3.1693121693,3.1693121693,3.1693121693,3.1693121693,3.1693121693,3.1693121693,3.1693121693,3.1693121693,3.1693121693,3.1693121693,3.1693121693,3.1693121693,3.1693121693,3.1693121693,3.1693121693,3.1693121693,3.1693121693,3.1693121693,3.1693121693,3.1693121693,3.1693121693,3.1693121693,3.1693121693,3.1693121693,3.1693121693,3.1693121693,3.1693121693,3.1693121693,3.1693121693,3.1693121693,3.1693121693,3.1693121693,3.1693121693,3.1693121693,3.1693121693,3.1693121693,3.1693121693,3.1693121693,3.1693121693,3.1693121693,3.1693121693,3.1693121693,3.1693121693,3.1693121693,3.1693121693,3.1693121693,3.1693121693,3.1693121693
3.1693121693,3.1693121693,3.1693121693,3.1693121693,3.1693121693,3.1693121693,3.1693121693,3.1693121693,3.1693121693,3.1693121693,3.1693121693,3.1693121693,3.1693121693,3.1693121693,3.1693121693,3.1693121693,3.1693121693,3.1693121693,3.1693121693,3.1693121693,3.1693121693,3.1693121693,3.1693121693,3.1693121693,3.1693121693,3.1693121693,3.1693121693,3.1693121693,3.1693121693,3.1693121693,3.1693121693,3.1693121693,3.74375,3.1693121693,3.1693121693,3.1693121693,3.1693121693,3.1693121693,3.1693121693,3.1693121693,3.1693121693,3.1693121693,3.1693121693,3.1693121693,3.1693121693,3.1693121693,3.1693121693,3.1693121693,3.1693121693,3.1693121693,3.74375,3.1808009259
3.1693121693,3.1693121693,3.1693121693,3.1693121693,3.1693121693,3.1693121693,3.1693121693,3.1693121693,3.1693121693,3.1693121693,3.1693121693,3.1693121693,3.1693121693,3.1693121693,3.1693121693,3.1693121693,3.1693121693,3.1693121693,3.1693121693,3.1693121693,3.1693121693,3.1693121693,3.1693121693,3.1693121693,3.1693121693,3.1693121693,3.1693121693,3.1693121693,3.1693121693,3.1693121693,3.1693121693,3.1693121693,3.1693121693,3.1693121693,3.1693121693,3.74375,3.74375,3.1693121693,3.1693121693,3.1693121693,3.1693121693,3.1693121693,3.1693121693,3.1693121693,3.1693121693,3.1693121693,3.1693121693,3.1693121693,3.1693121693,3.1693121693,3.74375,3.1922896825
3.1693121693,3.1693121693,3.1693121693,3.1693121693,3.1693121693,3.1693121693,3.1693121693,3.1693121693,3.1693121693,3.1693121693,3.1693121693,3.1693121693,3.1693121693,3.1693121693,3.1693121693,3.1693121693,3.1693121693,3.1693121693,3.1693121693,3.1693121693,3.1693121693,3.1693121693,3.1693121693,3.1693121693,3.1693121693,3.1693121693,3.1693121693,3.1693121693,3.1693121693,3.1693121693,3.1693121693,3.1693121693,3.1693121693,3.1693121693,3.1693121693,3.1693121693,3.1693121693,3.74375,3.74375,3.74375,3.74375,3.74375,3.1693121693,3.1693121693,3.1693121693,3.1693121693,3.1693121693,3.1693121693,3.1693121693,3.1693121693,3.74375,3.2267559524
3.1693121693,3.1693121693,3.1693121693,3.1693121693,3.1693121693,3.1693121693,3.1693121693,3.1693121693,3.1693121693,3.1693121693,3.1693121693,3.1693121693,3.1693121693,3.1693121693,3.1693121693,3.1693121693,3.1693121693,3.1693121693,3.1693121693,3.1693121693,3.1693121693,3.1693121693,3.1693121693,3.1693121693,3.1693121693,3.1693121693,3.1693121693,3.1693121693,3.1693121693,3.1693121693,3.1693121693,3.1693121693,3.1693121693,3.1693121693,3.1693121693,3.1693121693,3.74375,3.74375,3.74375,3.74375,3.74375,3.74375,3.1693121693,3.1693121693,3.1693121693,3.1693121693,3.1693121693,3.1693121693,3.1693121693,3.1693121693,3.74375,3.238244709
3.1693121693,3.1693121693,3.1693121693,3.1693121693,3.1693121693,3.1693121693,3.1693121693,3.1693121693,3.1693121693,3.1693121693,3.1693121693,3.1693121693,3.1693121693,3.1693121693,3.1693121693,3.1693121693,3.1693121693,3.1693121693,3.1693121693,3.1693121693,3.1693121693,3.1693121693,3.1693121693,3.1693121693,3.1693121693,3.1693121693,3.1693121693,3.1693121693,3.1693121693,3.1693121693,3.1693121693,3.1693121693,3.1693121693,3.1693121693,3.1693121693,3.1693121693,3.74375,3.74375,3.74375,3.74375,3.74375,3.74375,3.74375,3.74375,3.1693121693,3.1693121693,3.1693121693,3.1693121693,3.1693121693,3.1693121693,3.74375,3.2612222222
3.1693121693,3.1693121693,3.1693121693,3.1693121693,3.1693121693,3.1693121693,3.1693121693,3.1693121693,3.1693121693,3.1693121693,3.1693121693,3.1693121693,3.1693121693,3.1693121693,3.1693121693,3.1693121693,3.1693121693,3.1693121693,3.1693121693,3.1693121693,3.1693121693,3.1693121693,3.1693121693,3.1693121693,3.1693121693,3.1693121693,3.1693121693,3.1693121693,3.1693121693,3.1693121693,3.1693121693,3.1693121693,3.74375,3.74375,3.74375,3.74375,3.74375,3.74375,3.74375,3.74375,3.74375,3.74375,3.1693121693,3.1693121693,3.1693121693,3.1693121693,3.1693121693,3.1693121693,3.1693121693,3.1693121693,3.74375,3.2841997354
3.1693121693,3.1693121693,3.1693121693,3.1693121693,3.1693121693,3.1693121693,3.1693121693,3.1693121693,3.1693121693,3.1693121693,3.1693121693,3.1693121693,3.1693121693,3.1693121693,3.1693121693,3.1693121693,3.1693121693,3.1693121693,3.1693121693,3.1693121693,3.1693121693,3.1693121693,3.1693121693,3.1693121693,3.1693121693,3.1693121693,3.1693121693,3.1693121693,3.1693121693,3.1693121693,3.1693121693,3.1693121693,3.1693121693,3.1693121693,3.1693121693,3.74375,3.74375,3.74375,3.74375,3.74375,3.74375,3.74375,3.74375,3.74375,3.74375,3.74375,3.74375,3.1693121693,3.1693121693,3.1693121693,3.74375,3.3071772487
3.1693121693,3.1693121693,3.1693121693,3.1693121693,3.1693121693,3.1693121693,3.1693121693,3.1693121693,3.1693121693,3.1693121693,3.1693121693,3.1693121693,3.1693121693,3.1693121693,3.1693121693,3.1693121693,3.1693121693,3.1693121693,3.1693121693,3.1693121693,3.1693121693,3.1693121693,3.1693121693,3.1693121693,3.1693121693,3.1693121693,3.1693121693,3.1693121693,3.1693121693,3.74375,3.74375,3.74375,3.74375,3.74375,3.74375,3.74375,3.74375,3.74375,3.74375,3.74375,3.74375,3.74375,3.74375,3.74375,3.74375,3.74375,3.1693121693,3.1693121693,3.1693121693,3.1693121693,3.74375,3.3646210317
3.1693121693,3.1693121693,3.1693121693,3.1693121693,3.1693121693,3.1693121693,3.1693121693,3.1693121693,3.1693121693,3.1693121693,3.1693121693,3.1693121693,3.1693121693,3.1693121693,3.1693121693,3.1693121693,3.1693121693,3.1693121693,3.1693121693,3.1693121693,3.1693121693,3.1693121693,3.1693121693,3.1693121693,3.1693121693,3.1693121693,3.1693121693,3.1693121693,3.1693121693,3.1693121693,3.1693121693,3.74375,3.74375,3.74375,3.74375,3.74375,3.74375,3.74375,3.74375,3.74375,3.74375,3.74375,3.74375,3.74375,3.74375,3.74375,3.1693121693,3.1693121693,3.1693121693,3.1693121693,3.74375,3.3416435185
3.1693121693,3.1693121693,3.1693121693,3.1693121693,3.1693121693,3.1693121693,3.1693121693,3.1693121693,3.1693121693,3.1693121693,3.1693121693,3.1693121693,3.1693121693,3.1693121693,3.1693121693,3.1693121693,3.1693121693,3.1693121693,3.1693121693,3.1693121693,3.1693121693,3.1693121693,3.1693121693,3.1693121693,3.1693121693,3.1693121693,3.1693121693,3.1693121693,3.1693121693,3.74375,3.74375,3.74375,3.74375,3.74375,3.74375,3.74375,3.74375,3.74375,3.74375,3.74375,3.74375,3.74375,3.74375,3.74375,3.74375,3.74375,3.74375,3.74375,3.1693121693,3.1693121693,3.74375,3.387598545
3.1693121693,3.1693121693,3.1693121693,3.1693121693,3.1693121693,3.1693121693,3.1693121693,3.1693121693,3.1693121693,3.1693121693,3.1693121693,3.1693121693,3.1693121693,3.1693121693,3.1693121693,3.1693121693,3.1693121693,3.1693121693,3.1693121693,3.1693121693,3.1693121693,3.1693121693,3.1693121693,3.1693121693,3.1693121693,3.74375,3.74375,3.74375,3.74375,3.74375,3.74375,3.74375,3.74375,3.74375,3.74375,3.74375,3.74375,3.74375,3.74375,3.74375,3.74375,3.74375,3.74375,3.74375,3.74375,3.74375,3.74375,3.74375,3.1693121693,3.1693121693,3.74375,3.4335535714
3.1693121693,3.1693121693,3.1693121693,3.1693121693,3.1693121693,3.1693121693,3.1693121693,3.1693121693,3.1693121693,3.1693121693,3.1693121693,3.1693121693,3.1693121693,3.1693121693,3.1693121693,3.1693121693,3.1693121693,3.1693121693,3.1693121693,3.1693121693,3.1693121693,3.1693121693,3.1693121693,3.1693121693,3.1693121693,3.1693121693,3.1693121693,3.74375,3.74375,3.74375,3.74375,3.74375,3.74375,3.74375,3.74375,3.74375,3.74375,3.74375,3.74375,3.74375,3.74375,3.74375,3.74375,3.74375,3.74375,3.74375,3.74375,3.74375,3.74375,3.1693121693,3.74375,3.4220648148
3.1693121693,3.1693121693,3.1693121693,3.1693121693,3.1693121693,3.1693121693,3.1693121693,3.1693121693,3.1693121693,3.1693121693,3.1693121693,3.1693121693,3.1693121693,3.1693121693,3.1693121693,3.1693121693,3.1693121693,3.1693121693,3.1693121693,3.1693121693,3.1693121693,3.1693121693,3.1693121693,3.1693121693,3.1693121693,3.74375,3.74375,3.74375,3.74375,3.74375,3.74375,3.74375,3.74375,3.74375,3.74375,3.74375,3.74375,3.74375,3.74375,3.74375,3.74375,3.74375,3.74375,3.74375,3.74375,3.74375,3.74375,3.74375,3.74375,3.1693121693,3.74375,3.445042328
3.1693121693,3.1693121693,3.1693121693,3.1693121693,3.1693121693,3.1693121693,3.1693121693,3.1693121693,3.1693121693,3.1693121693,3.1693121693,3.1693121693,3.1693121693,3.1693121693,3.1693121693,3.1693121693,3.1693121693,3.1693121693,3.1693121693,3.1693121693,3.1693121693,3.1693121693,3.1693121693,3.1693121693,3.74375,3.74375,3.74375,3.74375,3.74375,3.74375,3.74375,3.74375,3.74375,3.74375,3.74375,3.74375,3.74375,3.74375,3.74375,3.74375,3.74375,3.74375,3.74375,3.74375,3.74375,3.74375,3.74375,3.74375,3.74375,3.1693121693,3.74375,3.4565310847
3.1693121693,3.1693121693,3.1693121693,3.1693121693,3.1693121693,3.1693121693,3.1693121693,3.1693121693,3.1693121693,3.1693121693,3.1693121693,3.1693121693,3.1693121693,3.1693121693,3.1693121693,3.1693121693,3.1693121693,3.74375,3.74375,3.74375,3.74375,3.74375,3.74375,3.74375,3.74375,3.74375,3.74375,3.74375,3.74375,3.74375,3.74375,3.74375,3.74375,3.74375,3.74375,3.74375,3.74375,3.74375,3.74375,3.74375,3.74375,3.74375,3.74375,3.74375,3.74375,3.74375,3.74375,3.74375,3.1693121693,3.1693121693,3.74375,3.5254636243
3.1693121693,3.1693121693,3.1693121693,3.1693121693,3.1693121693,3.1693121693,3.1693121693,3.1693121693,3.1693121693,3.1693121693,3.74375,3.74375,3.74375,3.74375,3.74375,3.74375,3.74375,3.74375,3.74375,3.74375,3.74375,3.74375,3.74375,3.74375,3.74375,3.74375,3.74375,3.74375,3.74375,3.74375,3.74375,3.74375,3.74375,3.74375,3.74375,3.74375,3.74375,3.74375,3.74375,3.74375,3.74375,3.74375,3.74375,3.74375,3.74375,3.74375,3.74375,3.74375,3.1693121693,3.1693121693,3.74375,3.6058849206
3.1693121693,3.1693121693,3.1693121693,3.1693121693,3.1693121693,3.1693121693,3.1693121693,3.1693121693,3.1693121693,3.1693121693,3.1693121693,3.1693121693,3.1693121693,3.74375,3.74375,3.74375,3.74375,3.74375,3.74375,3.74375,3.74375,3.74375,3.74375,3.74375,3.74375,3.74375,3.74375,3.74375,3.74375,3.74375,3.74375,3.74375,3.74375,3.74375,3.74375,3.74375,3.74375,3.74375,3.74375,3.74375,3.74375,3.74375,3.74375,3.74375,3.74375,3.74375,3.74375,3.1693121693,3.1693121693,3.1693121693,3.74375,3.5599298942
3.1693121693,3.1693121693,3.1693121693,3.1693121693,3.1693121693,3.1693121693,3.1693121693,3.1693121693,3.1693121693,3.1693121693,3.1693121693,3.1693121693,3.1693121693,3.74375,3.74375,3.74375,3.74375,3.74375,3.74375,3.74375,3.74375,3.74375,3.74375,3.74375,3.74375,3.74375,3.74375,3.74375,3.74375,3.74375,3.74375,3.74375,3.74375,3.74375,3.74375,3.74375,3.74375,3.74375,3.74375,3.74375,3.74375,3.74375,3.74375,3.1693121693,3.1693121693,3.1693121693,3.1693121693,3.1693121693,3.1693121693,3.1693121693,3.74375,3.5139748677
3.1693121693,3.1693121693,3.1693121693,3.1693121693,3.1693121693,3.1693121693,3.1693121693,3.1693121693,3.1693121693,3.1693121693,3.1693121693,3.1693121693,3.1693121693,3.74375,3.74375,3.74375,3.74375,3.74375,3.74375,3.74375,3.74375,3.74375,3.74375,3.74375,3.74375,3.74375,3.74375,3.74375,3.74375,3.74375,3.74375,3.74375,3.74375,3.74375,3.74375,3.74375,3.74375,3.74375,3.74375,3.74375,3.74375,3.74375,3.74375,3.74375,3.74375,3.74375,3.1693121693,3.1693121693,3.1693121693,3.1693121693,3.74375,3.5484411376
3.1693121693,3.1693121693,3.1693121693,3.1693121693,3.1693121693,3.1693121693,3.1693121693,3.1693121693,3.1693121693,3.1693121693,3.1693121693,3.1693121693,3.1693121693,3.1693121693,3.74375,3.74375,3.74375,3.74375,3.74375,3.74375,3.74375,3.74375,3.74375,3.74375,3.74375,3.74375,3.74375,3.74375,3.74375,3.74375,3.74375,3.74375,3.74375,3.74375,3.74375,3.74375,3.74375,3.74375,3.74375,3.74375,3.74375,3.74375,3.74375,3.74375,3.74375,3.74375,3.74375,3.74375,3.1693121693,3.1693121693,3.74375,3.5599298942
3.1693121693,3.1693121693,3.1693121693,3.1693121693,3.1693121693,3.1693121693,3.1693121693,3.1693121693,3.1693121693,3.1693121693,3.1693121693,3.1693121693,3.74375,3.74375,3.74375,3.74375,3.74375,3.74375,3.74375,3.74375,3.74375,3.74375,3.74375,3.74375,3.74375,3.74375,3.74375,3.74375,3.74375,3.74375,3.74375,3.74375,3.74375,3.74375,3.74375,3.74375,3.74375,3.74375,3.74375,3.74375,3.74375,3.74375,3.74375,3.74375,3.74375,3.74375,3.74375,3.1693121693,3.1693121693,3.1693121693,3.74375,3.5714186508
3.1693121693,3.1693121693,3.1693121693,3.1693121693,3.1693121693,3.1693121693,3.1693121693,3.1693121693,3.1693121693,3.1693121693,3.1693121693,3.1693121693,3.74375,3.74375,3.74375,3.74375,3.74375,3.74375,3.74375,3.74375,3.74375,3.74375,3.74375,3.74375,3.74375,3.74375,3.74375,3.74375,3.74375,3.74375,3.74375,3.74375,3.74375,3.74375,3.74375,3.74375,3.74375,3.74375,3.74375,3.74375,3.74375,3.74375,3.74375,3.74375,3.74375,3.74375,3.74375,3.1693121693,3.1693121693,3.1693121693,3.74375,3.5714186508
3.1693121693,3.1693121693,3.1693121693,3.1693121693,3.1693121693,3.1693121693,3.1693121693,3.1693121693,3.1693121693,3.1693121693,3.1693121693,3.74375,3.74375,3.74375,3.74375,1.9322580645,3.74375,3.74375,3.74375,3.74375,3.74375,3.74375,3.74375,3.74375,3.74375,3.74375,3.74375,3.74375,3.74375,3.74375,3.74375,3.74375,3.74375,3.74375,3.74375,3.74375,3.74375,3.74375,3.74375,3.74375,3.74375,3.74375,3.74375,3.74375,3.74375,3.74375,3.1693121693,3.1693121693,3.1693121693,3.1693121693,3.74375,3.5351888121
3.1693121693,3.1693121693,3.1693121693,3.1693121693,3.1693121693,3.1693121693,3.74375,3.74375,3.74375,3.74375,3.74375,3.74375,3.74375,3.74375,1.9322580645,3.74375,3.74375,3.74375,3.74375,3.74375,3.74375,3.74375,3.74375,3.74375,3.74375,3.74375,3.74375,3.74375,3.74375,3.74375,3.74375,3.74375,3.74375,3.74375,3.74375,3.74375,3.74375,3.74375,3.74375,3.74375,3.74375,3.74375,3.74375,3.74375,3.74375,3.74375,3.1693121693,3.1693121693,3.1693121693,3.1693121693,3.74375,3.5926325952
3.1693121693,3.1693121693,3.1693121693,3.1693121693,3.1693121693,3.1693121693,3.74375,3.74375,3.74375,3.74375,3.74375,3.74375,3.74375,3.74375,3.74375,3.74375,3.74375,3.74375,3.74375,3.74375,3.74375,3.74375,3.74375,3.74375,3.74375,3.74375,3.74375,3.74375,3.74375,3.74375,3.74375,3.74375,3.74375,3.74375,3.74375,3.74375,3.74375,3.74375,3.74375,3.74375,3.74375,3.74375,3.74375,3.74375,3.74375,3.74375,3.74375,3.74375,3.74375,3.1693121693,3.74375,3.6633287037
3.1693121693,3.1693121693,3.1693121693,3.1693121693,3.1693121693,3.1693121693,3.74375,3.74375,3.74375,3.74375,3.74375,3.74375,3.74375,3.74375,3.74375,3.74375,3.74375,3.74375,3.74375,3.74375,3.74375,3.74375,3.74375,3.74375,3.74375,3.74375,3.74375,3.74375,3.74375,3.74375,3.74375,3.74375,3.74375,3.74375,3.74375,3.74375,3.74375,3.74375,3.74375,3.74375,3.74375,3.74375,3.74375,3.74375,3.74375,3.74375,3.74375,3.74375,3.74375,3.74375,3.74375,3.6748174603
3.1693121693,3.1693121693,3.1693121693,3.1693121693,3.1693121693,3.1693121693,3.1693121693,3.1693121693,3.74375,3.74375,3.74375,3.74375,3.74375,3.74375,3.74375,3.74375,3.74375,3.74375,3.74375,3.74375,3.74375,3.74375,3.74375,3.74375,3.74375,3.74375,3.74375,3.74375,3.74375,3.74375,3.74375,3.74375,3.74375,3.74375,3.74375,3.74375,3.74375,3.74375,3.74375,3.74375,3.74375,3.74375,3.74375,3.74375,3.74375,3.74375,3.74375,3.74375,3.74375,3.74375,3.74375,3.6518399471
3.1693121693,3.1693121693,3.1693121693,3.1693121693,3.1693121693,3.1693121693,3.1693121693,3.74375,3.74375,3.74375,3.74375,3.74375,3.74375,3.74375,3.74375,3.74375,3.74375,3.74375,3.74375,3.74375,3.74375,3.74375,3.74375,3.74375,3.74375,3.74375,3.74375,3.74375,3.74375,3.74375,3.74375,3.74375,3.74375,3.74375,3.74375,3.74375,3.74375,3.74375,3.74375,3.74375,3.74375,3.74375,3.74375,3.74375,3.74375,3.74375,3.74375,3.74375,3.74375,3.74375,3.74375,3.6633287037
3.1693121693,3.1693121693,3.1693121693,3.1693121693,3.1693121693,3.1693121693,3.1693121693,3.1693121693,3.1693121693,3.1693121693,3.74375,3.74375,3.74375,3.74375,3.74375,3.74375,3.74375,3.74375,3.74375,3.74375,3.74375,3.74375,3.74375,3.74375,3.74375,3.74375,3.74375,3.74375,3.74375,3.74375,3.74375,3.74375,3.74375,3.74375,3.74375,3.74375,3.74375,3.74375,3.74375,3.74375,3.74375,3.74375,3.74375,3.74375,3.74375,3.74375,3.74375,3.74375,3.74375,3.74375,3.74375,3.6288624339
3.1693121693,3.1693121693,3.1693121693,3.1693121693,3.74375,3.74375,3.74375,3.74375,3.74375,3.74375,3.74375,3.74375,3.74375,3.74375,3.74375,3.74375,3.74375,3.74375,3.74375,3.74375,3.74375,3.74375,3.74375,3.74375,3.74375,3.74375,3.74375,3.74375,3.74375,3.74375,3.74375,3.74375,3.74375,3.74375,3.74375,3.74375,3.74375,3.74375,3.74375,3.74375,3.74375,3.74375,3.74375,3.74375,3.74375,3.74375,3.74375,3.74375,3.74375,3.74375,3.74375,3.6977949735
3.1693121693,3.74375,3.74375,3.74375,3.74375,3.74375,3.74375,3.74375,3.74375,3.74375,3.74375,3.74375,3.74375,3.74375,3.74375,3.74375,3.74375,3.74375,3.74375,3.74375,3.74375,3.74375,3.74375,3.74375,3.74375,3.74375,3.74375,3.74375,3.74375,3.74375,3.74375,3.74375,3.74375,3.74375,3.74375,3.74375,3.74375,3.74375,3.74375,3.74375,3.74375,3.74375,3.74375,3.74375,3.74375,3.74375,3.74375,3.74375,3.74375,3.74375,3.74375,3.7322612434
3.1693121693,3.74375,3.74375,3.74375,3.74375,3.74375,3.74375,3.74375,3.74375,3.74375,3.74375,3.74375,3.74375,3.74375,3.74375,3.74375,3.74375,3.74375,3.74375,3.74375,3.74375,3.74375,3.74375,3.74375,3.74375,3.74375,3.74375,3.74375,3.74375,3.74375,3.74375,3.74375,3.74375,3.74375,3.74375,3.74375,3.74375,3.74375,3.74375,3.74375,3.74375,3.74375,3.74375,3.74375,3.74375,3.74375,3.74375,3.74375,3.74375,3.74375,3.74375,3.7322612434
3.1693121693,3.1693121693,3.74375,3.74375,3.74375,3.74375,3.74375,3.74375,3.74375,3.74375,3.74375,3.74375,3.74375,3.74375,3.74375,3.74375,3.74375,3.74375,3.74375,3.74375,3.74375,3.74375,3.74375,3.74375,3.74375,3.74375,3.74375,3.74375,3.74375,3.74375,3.74375,3.74375,3.74375,3.74375,3.74375,3.74375,3.74375,3.74375,3.74375,3.74375,3.74375,3.74375,3.74375,3.74375,3.74375,3.74375,3.74375,3.74375,3.74375,3.74375,3.74375,3.7207724868
3.1693121693,3.1693121693,3.74375,3.74375,3.74375,3.74375,3.74375,3.74375,3.74375,3.74375,3.74375,3.74375,3.74375,3.74375,3.74375,3.74375,3.74375,3.74375,3.74375,3.74375,3.74375,3.74375,3.74375,3.74375,3.74375,3.74375,3.74375,3.74375,3.74375,3.74375,3.74375,3.74375,3.74375,3.74375,3.74375,3.74375,3.74375,3.74375,3.74375,3.74375,3.74375,3.74375,3.74375,3.74375,3.74375,3.74375,3.74375,3.74375,3.74375,3.74375,3.74375,3.7207724868
3.1693121693,3.1693121693,3.74375,3.74375,3.74375,3.74375,3.74375,3.74375,3.74375,3.74375,3.74375,3.74375,3.74375,3.74375,3.74375,3.74375,3.74375,3.74375,3.4825581395,3.74375,3.74375,3.74375,3.74375,3.74375,3.74375,3.74375,3.74375,3.74375,3.74375,3.74375,3.74375,3.74375,3.74375,3.74375,3.74375,3.74375,3.74375,3.74375,3.74375,3.74375,3.74375,3.74375,3.74375,3.74375,3.74375,3.74375,3.74375,3.74375,3.74375,3.74375,3.74375,3.7155486496
3.1693121693,3.1693121693,3.74375,3.74375,3.74375,3.74375,3.74375,3.74375,3.74375,3.74375,3.74375,3.74375,3.74375,3.74375,3.74375,3.74375,3.74375,3.74375,3.74375,3.74375,3.74375,3.74375,3.74375,3.74375,3.74375,3.74375,3.74375,3.74375,3.74375,3.74375,3.74375,3.74375,3.74375,3.74375,3.74375,3.74375,3.74375,3.74375,3.74375,3.74375,3.74375,3.74375,3.74375,3.74375,3.74375,3.74375,3.74375,3.74375,3.74375,3.74375,3.74375,3.7207724868
3.74375,3.74375,3.74375,3.74375,3.74375,3.74375,3.74375,3.74375,3.74375,3.74375,3.74375,3.74375,3.74375,3.74375,3.74375,3.74375,3.74375,3.74375,3.74375,3.74375,3.74375,3.74375,3.74375,3.74375,3.74375,3.74375,3.74375,3.74375,3.74375,3.74375,3.0406091371,3.74375,3.74375,3.74375,3.74375,3.74375,3.74375,3.74375,3.74375,3.74375,3.74375,3.74375,3.74375,3.74375,3.74375,3.74375,3.74375,3.74375,3.74375,3.74375,3.74375,3.7296871827
3.74375,3.74375,3.74375,3.74375,3.74375,3.74375,3.74375,3.74375,3.74375,3.74375,3.74375,3.74375,3.74375,3.74375,3.74375,3.74375,3.74375,3.74375,3.74375,3.74375,3.74375,3.74375,3.74375,3.74375,3.74375,3.74375,3.74375,3.74375,3.74375,3.74375,3.74375,3.74375,3.74375,3.74375,3.74375,3.74375,3.74375,3.74375,3.74375,3.74375,3.74375,3.74375,3.74375,3.74375,3.74375,3.74375,3.74375,3.74375,3.74375,3.74375,3.74375,3.74375
3.74375,3.74375,3.74375,3.74375,3.74375,3.74375,3.74375,3.74375,3.74375,3.74375,3.74375,3.74375,3.74375,3.74375,3.74375,3.74375,3.74375,3.74375,3.74375,3.74375,3.74375,3.74375,3.74375,3.74375,3.74375,3.74375,3.74375,3.74375,3.74375,3.74375,3.74375,3.74375,3.74375,3.74375,3.74375,3.74375,3.74375,3.74375,3.74375,3.1693121693,3.74375,3.74375,3.74375,3.74375,3.74375,3.74375,3.74375,3.74375,3.74375,3.74375,3.74375,3.7322612434
3.74375,3.74375,3.74375,3.74375,3.74375,3.74375,3.74375,3.74375,3.74375,3.74375,3.74375,3.74375,3.74375,3.74375,3.74375,3.74375,3.74375,3.74375,3.74375,3.74375,3.74375,3.74375,3.74375,3.74375,3.74375,3.74375,3.74375,3.74375,3.74375,3.74375,3.74375,3.74375,3.74375,3.74375,3.74375,3.74375,3.74375,3.74375,3.74375,3.74375,3.1693121693,3.1693121693,3.74375,3.74375,3.74375,3.74375,3.74375,3.74375,3.74375,3.74375,3.74375,3.7207724868
3.74375,3.74375,3.74375,3.74375,3.74375,3.74375,3.74375,3.74375,3.74375,3.74375,3.74375,3.74375,3.74375,3.74375,3.74375,3.74375,3.74375,3.74375,3.74375,3.74375,3.74375,3.74375,3.74375,3.74375,3.74375,3.74375,3.74375,3.74375,3.74375,3.74375,3.74375,3.74375,3.74375,3.74375,3.74375,3.74375,3.74375,3.74375,3.74375,3.74375,3.74375,3.74375,3.1693121693,3.74375,3.74375,3.74375,3.74375,3.74375,3.74375,3.74375,3.74375,3.7322612434
3.74375,3.74375,3.74375,3.74375,3.74375,3.74375,3.74375,3.74375,3.74375,3.74375,3.74375,3.74375,3.74375,3.74375,3.74375,3.74375,3.74375,3.74375,3.74375,3.74375,3.74375,3.74375,3.74375,3.74375,3.74375,3.74375,3.74375,3.74375,3.74375,3.74375,3.74375,3.74375,3.74375,3.74375,3.74375,3.74375,3.74375,3.74375,3.74375,3.74375,3.74375,3.74375,3.74375,3.74375,3.74375,3.74375,3.74375,3.74375,3.74375,3.74375,3.74375,3.74375
3.74375,3.74375,3.74375,3.74375,3.74375,3.74375,3.74375,3.74375,3.74375,3.74375,3.74375,3.74375,3.74375,3.74375,3.74375,3.74375,3.74375,3.74375,3.74375,3.74375,3.74375,3.74375,3.74375,3.74375,3.74375,3.74375,3.74375,3.74375,3.74375,3.74375,3.74375,3.74375,3.74375,3.74375,3.74375,3.74375,3.74375,3.74375,3.74375,3.74375,3.74375,3.74375,3.74375,3.74375,3.74375,3.74375,3.74375,3.74375,3.74375,3.74375,3.74375,3.74375
3.74375,3.74375,3.74375,3.74375,3.74375,3.74375,3.74375,3.74375,3.74375,3.74375,3.74375,3.74375,3.74375,3.74375,3.74375,3.74375,3.74375,3.74375,3.74375,3.74375,3.74375,3.74375,3.74375,3.74375,3.74375,3.74375,3.74375,3.74375,3.74375,3.74375,3.74375,3.74375,3.74375,3.74375,3.74375,3.74375,3.74375,3.74375,3.74375,3.74375,3.74375,3.74375,3.74375,3.74375,3.74375,3.74375,3.74375,3.74375,3.74375,3.74375,3.74375,3.74375
3.74375,3.74375,3.74375,3.74375,3.74375,3.74375,3.74375,3.74375,3.74375,3.74375,3.74375,3.74375,3.74375,3.74375,3.74375,3.74375,3.74375,3.74375,3.74375,3.74375,3.74375,3.74375,3.74375,3.74375,3.74375,3.74375,3.74375,3.74375,3.74375,3.74375,3.74375,3.74375,3.74375,3.74375,3.74375,3.74375,3.74375,3.74375,3.74375,3.74375,3.74375,3.74375,3.74375,3.74375,3.74375,3.74375,3.74375,3.74375,3.74375,3.74375,3.74375,3.74375
3.74375,3.74375,3.74375,3.74375,3.74375,3.74375,2.6622222222,3.74375,3.74375,3.74375,3.74375,3.74375,3.74375,3.74375,3.74375,3.74375,3.74375,3.74375,3.74375,3.74375,3.74375,3.74375,3.74375,3.74375,3.74375,3.74375,3.74375,3.74375,3.74375,3.74375,3.74375,3.74375,3.74375,3.74375,3.74375,3.74375,3.74375,3.74375,3.74375,3.74375,3.74375,3.74375,3.74375,3.74375,3.74375,3.74375,3.74375,3.74375,3.74375,3.74375,3.74375,3.7221194444
3.74375,3.74375,3.74375,3.74375,3.74375,3.74375,3.74375,3.74375,3.74375,3.74375,3.74375,3.74375,3.74375,3.74375,3.74375,3.74375,3.74375,3.74375,3.74375,3.74375,3.74375,3.74375,3.74375,3.74375,3.74375,3.74375,3.74375,3.74375,3.74375,3.74375,3.74375,3.74375,3.74375,3.74375,3.74375,3.74375,3.74375,3.74375,3.74375,3.74375,3.74375,3.74375,3.74375,3.74375,3.74375,3.74375,3.74375,3.74375,3.74375,3.74375,3.74375,3.74375
3.74375,3.74375,3.74375,3.74375,3.74375,3.74375,3.74375,3.74375,3.74375,3.74375,3.74375,3.74375,3.74375,3.74375,3.74375,3.74375,3.74375,3.74375,3.74375,3.74375,3.74375,3.74375,3.74375,3.74375,3.74375,3.74375,3.74375,3.74375,3.74375,3.74375,3.74375,3.74375,3.74375,3.74375,3.74375,3.74375,3.74375,3.74375,3.74375,3.74375,3.74375,3.74375,3.74375,3.74375,3.74375,3.74375,3.74375,3.74375,3.74375,3.74375,3.74375,3.74375
3.74375,3.74375,3.74375,3.74375,3.74375,3.74375,3.74375,3.74375,3.74375,3.74375,3.74375,3.74375,3.74375,3.74375,3.74375,3.74375,3.74375,3.74375,3.74375,3.74375,3.74375,3.74375,3.74375,3.74375,3.74375,3.74375,3.74375,3.74375,3.74375,3.74375,3.74375,3.74375,3.74375,3.74375,3.74375,3.74375,3.74375,3.74375,3.74375,3.74375,3.74375,3.74375,3.74375,3.74375,3.74375,3.74375,3.74375,3.74375,3.74375,3.74375,3.74375,3.74375
3.74375,3.74375,3.74375,3.74375,3.74375,3.74375,3.74375,3.74375,3.74375,3.74375,3.74375,3.74375,3.74375,3.74375,3.74375,3.74375,3.74375,3.74375,3.74375,3.74375,3.74375,3.74375,3.74375,3.74375,3.74375,3.74375,3.74375,3.74375,1.5518134715,3.74375,3.74375,3.74375,3.74375,3.74375,3.74375,3.74375,3.74375,3.74375,3.74375,3.74375,3.74375,3.74375,3.74375,3.74375,3.74375,3.74375,3.74375,3.74375,3.74375,3.74375,3.74375,3.6999112694
3.74375,3.74375,3.74375,3.74375,3.74375,3.74375,3.74375,3.74375,3.74375,3.74375,3.74375,3.74375,3.74375,3.74375,3.74375,3.74375,3.74375,3.74375,3.74375,3.74375,3.74375,3.74375,3.74375,3.74375,3.74375,3.74375,3.74375,3.74375,3.74375,3.74375,3.74375,3.74375,3.74375,3.74375,3.74375,3.74375,3.74375,3.74375,3.74375,3.74375,3.74375,3.74375,3.74375,3.74375,3.74375,3.74375,3.74375,3.74375,3.74375,3.74375,3.74375,3.74375
3.74375,3.74375,3.74375,3.74375,3.74375,3.74375,3.74375,3.74375,3.74375,3.74375,3.74375,3.74375,3.74375,3.74375,3.74375,3.74375,3.74375,3.74375,3.74375,3.74375,3.74375,3.74375,3.74375,3.74375,3.74375,3.74375,3.74375,3.74375,3.74375,3.74375,3.74375,3.74375,3.74375,3.74375,3.74375,3.74375,3.74375,3.74375,3.74375,3.74375,3.74375,3.74375,3.74375,3.74375,3.74375,3.74375,3.74375,3.74375,3.74375,3.74375,3.74375,3.74375
3.74375,3.74375,3.74375,3.74375,3.74375,3.74375,3.74375,3.74375,3.74375,3.74375,3.74375,3.74375,3.74375,3.74375,3.74375,3.74375,3.74375,3.74375,3.74375,3.74375,3.74375,3.74375,3.74375,3.74375,3.74375,3.74375,3.74375,3.74375,3.74375,3.74375,3.74375,3.74375,3.74375,3.74375,3.74375,3.74375,3.74375,3.74375,3.74375,3.74375,3.74375,3.74375,3.74375,3.74375,3.74375,3.74375,3.74375,3.74375,3.74375,3.74375,3.74375,3.74375
3.74375,3.74375,3.74375,3.74375,3.74375,3.74375,3.74375,3.74375,3.74375,3.74375,3.74375,3.74375,3.74375,3.74375,3.74375,3.74375,3.74375,3.74375,3.74375,3.74375,3.74375,3.74375,3.74375,3.74375,3.74375,3.74375,3.74375,3.74375,3.74375,3.74375,3.74375,3.74375,3.74375,3.74375,3.74375,3.74375,3.74375,3.74375,3.74375,3.74375,3.74375,3.74375,3.74375,3.74375,3.74375,3.74375,3.74375,3.74375,3.74375,3.74375,3.74375,3.74375
3.74375,3.74375,3.74375,3.74375,3.74375,3.74375,3.74375,3.74375,3.74375,3.74375,3.74375,3.74375,3.74375,3.74375,3.74375,3.74375,3.74375,3.74375,3.74375,3.74375,3.74375,3.74375,3.74375,3.74375,3.74375,3.74375,3.74375,3.74375,3.74375,3.74375,3.74375,3.7204968944,3.74375,3.74375,3.74375,3.74375,3.74375,3.74375,3.74375,3.74375,3.74375,3.74375,3.74375,3.74375,3.74375,3.74375,3.74375,3.74375,3.74375,3.74375,3.74375,3.7432849379
3.74375,3.74375,3.74375,3.74375,3.74375,3.74375,3.74375,3.74375,3.74375,3.74375,3.74375,3.74375,3.74375,3.74375,3.74375,3.74375,3.74375,3.74375,3.74375,3.74375,3.74375,3.74375,3.74375,3.74375,3.7204968944,3.74375,3.7204968944,3.74375,3.74375,3.74375,3.74375,3.74375,3.74375,3.74375,3.74375,3.74375,3.74375,3.74375,3.74375,3.74375,3.74375,3.74375,3.74375,3.74375,3.74375,3.74375,3.74375,3.74375,3.74375,3.74375,3.74375,3.7428198758
3.74375,3.74375,3.74375,3.74375,3.74375,3.74375,3.74375,3.74375,3.74375,3.74375,3.74375,3.74375,3.74375,3.74375,3.74375,3.74375,3.74375,3.7204968944,3.74375,3.7204968944,3.74375,3.74375,3.7204968944,3.74375,3.74375,3.74375,3.74375,3.74375,3.74375,3.74375,3.74375,3.74375,3.74375,3.74375,3.74375,3.74375,3.74375,3.74375,3.74375,3.74375,3.74375,3.74375,3.74375,3.74375,3.74375,3.74375,3.74375,3.74375,3.74375,3.74375,3.74375,3.7423548137
3.74375,3.74375,3.74375,3.74375,3.74375,3.74375,3.74375,3.74375,3.74375,3.74375,3.74375,3.74375,3.74375,3.74375,3.74375,3.74375,3.74375,3.74375,3.74375,3.74375,3.74375,3.74375,3.74375,3.74375,3.74375,3.74375,3.74375,3.74375,3.74375,3.74375,3.74375,3.74375,3.74375,3.74375,3.74375,3.74375,3.74375,3.74375,3.74375,3.74375,3.74375,3.74375,3.74375,3.74375,3.74375,3.74375,3.74375,3.74375,3.74375,3.74375,3.74375,3.74375
3.74375,3.74375,3.74375,3.74375,3.74375,3.74375,3.74375,3.74375,3.74375,3.74375,3.74375,3.74375,3.74375,3.74375,3.74375,3.74375,3.74375,3.74375,3.74375,3.74375,3.1693121693,3.74375,3.74375,3.74375,3.74375,3.74375,3.74375,3.74375,3.74375,3.74375,3.74375,3.74375,3.74375,3.74375,3.74375,3.74375,3.74375,3.74375,3.74375,3.74375,3.74375,3.74375,3.74375,3.74375,3.74375,3.74375,3.74375,3.74375,3.74375,3.74375,3.74375,3.7322612434
3.74375,3.74375,3.74375,3.74375,3.74375,3.74375,3.74375,3.74375,3.74375,3.74375,3.74375,3.74375,3.74375,3.74375,3.74375,3.74375,3.74375,3.74375,3.74375,3.74375,3.74375,3.74375,3.74375,3.74375,3.74375,3.74375,3.74375,3.74375,3.74375,3.74375,3.74375,3.74375,3.74375,3.74375,3.74375,3.74375,3.74375,3.74375,3.74375,3.74375,3.74375,3.74375,3.74375,3.74375,3.74375,3.74375,3.74375,3.74375,3.74375,3.74375,3.74375,3.74375
3.74375,3.74375,3.74375,3.74375,3.74375,3.74375,3.74375,3.74375,3.74375,3.74375,3.74375,3.74375,3.74375,3.74375,3.74375,3.74375,3.74375,3.74375,3.74375,3.74375,3.74375,3.74375,3.74375,3.74375,3.74375,3.74375,3.74375,3.74375,3.74375,3.74375,3.74375,3.74375,3.74375,3.74375,3.74375,3.74375,3.74375,3.74375,3.74375,3.74375,3.74375,3.74375,3.74375,3.74375,3.74375,3.74375,3.74375,3.74375,3.74375,3.74375,3.74375,3.74375
3.74375,3.74375,3.74375,3.74375,3.74375,3.74375,3.74375,3.74375,3.74375,3.74375,3.74375,3.74375,3.74375,3.74375,3.74375,3.74375,3.74375,3.74375,3.74375,3.74375,3.74375,3.74375,3.74375,3.74375,3.74375,3.74375,3.74375,3.74375,3.74375,3.74375,3.74375,3.74375,3.74375,3.74375,3.74375,3.74375,3.74375,3.74375,3.74375,3.74375,3.74375,3.74375,3.74375,3.74375,3.74375,3.74375,3.74375,3.74375,3.74375,3.74375,3.74375,3.74375
3.74375,3.74375,3.74375,3.74375,3.74375,3.74375,3.74375,3.74375,3.74375,3.74375,3.74375,3.74375,3.74375,3.74375,3.74375,3.74375,3.74375,3.74375,3.74375,3.74375,3.74375,3.74375,3.74375,3.74375,3.74375,3.74375,3.74375,3.74375,3.74375,3.74375,3.74375,3.74375,3.74375,3.74375,3.74375,3.74375,3.74375,3.74375,3.74375,3.74375,3.74375,3.74375,3.74375,3.74375,3.74375,3.74375,3.74375,3.74375,3.74375,3.74375,3.74375,3.74375
3.74375,3.74375,3.74375,3.74375,3.74375,3.74375,3.74375,3.74375,3.74375,3.74375,3.74375,3.74375,3.74375,3.74375,3.74375,3.74375,3.74375,3.74375,3.74375,3.74375,3.74375,3.74375,3.74375,3.74375,3.74375,3.74375,3.74375,3.74375,3.74375,3.74375,3.74375,3.74375,3.74375,3.74375,3.74375,3.74375,3.74375,3.74375,3.74375,3.74375,3.74375,3.74375,3.74375,3.74375,3.74375,3.74375,3.0406091371,3.74375,3.74375,3.74375,3.74375,3.7296871827
3.74375,3.74375,3.74375,3.74375,3.74375,3.74375,3.74375,3.74375,3.74375,3.74375,3.74375,3.74375,3.74375,3.74375,3.74375,3.74375,3.74375,3.74375,3.74375,3.74375,3.74375,3.74375,3.74375,3.74375,3.74375,3.74375,3.74375,3.74375,3.74375,3.74375,3.74375,3.74375,3.74375,3.74375,3.74375,3.74375,3.74375,3.74375,3.74375,3.74375,3.74375,3.74375,3.74375,3.74375,3.74375,3.74375,3.74375,3.74375,3.74375,3.74375,3.74375,3.74375
3.74375,3.74375,3.74375,3.74375,3.74375,3.74375,3.74375,3.74375,3.74375,3.74375,3.74375,3.74375,3.74375,3.74375,3.74375,3.74375,3.74375,3.74375,3.74375,3.74375,3.74375,3.74375,3.74375,3.74375,3.74375,3.74375,3.74375,3.74375,3.74375,3.74375,3.74375,3.74375,3.74375,3.74375,3.74375,3.74375,3.74375,3.74375,3.74375,3.74375,3.74375,3.74375,3.74375,3.74375,3.74375,3.74375,3.74375,3.74375,3.74375,3.74375,3.74375,3.74375
3.74375,3.74375,3.74375,3.74375,3.74375,3.74375,3.74375,3.74375,3.74375,3.74375,3.74375,3.74375,3.74375,3.74375,3.74375,3.74375,3.74375,3.74375,3.74375,3.74375,3.74375,3.74375,3.74375,3.74375,3.74375,3.74375,3.74375,3.74375,3.74375,3.74375,3.74375,3.74375,3.74375,3.74375,3.74375,3.74375,3.74375,3.74375,3.74375,3.74375,3.74375,3.74375,3.74375,3.0406091371,3.74375,3.74375,3.74375,3.74375,3.74375,3.74375,3.74375,3.7296871827
3.74375,3.74375,3.74375,3.74375,3.74375,3.74375,3.74375,3.74375,3.74375,3.74375,3.74375,3.74375,3.74375,3.74375,3.74375,3.74375,3.74375,3.74375,3.74375,3.74375,3.74375,3.74375,3.74375,3.74375,3.74375,3.74375,3.74375,3.74375,3.74375,3.74375,3.74375,3.74375,3.74375,3.74375,3.74375,3.74375,3.74375,3.74375,3.74375,3.74375,3.74375,3.74375,3.74375,3.74375,3.74375,3.74375,3.74375,3.74375,3.74375,3.74375,3.74375,3.74375
3.74375,3.74375,3.74375,3.74375,3.74375,3.74375,3.74375,3.74375,3.74375,3.74375,3.74375,3.74375,3.74375,3.74375,3.74375,3.74375,3.74375,3.74375,3.74375,3.74375,3.74375,3.74375,3.74375,3.74375,3.74375,3.74375,3.74375,3.74375,3.74375,3.74375,3.74375,3.74375,3.74375,3.74375,3.74375,3.74375,3.74375,3.74375,3.74375,3.74375,3.74375,3.74375,3.74375,3.74375,3.74375,3.74375,3.74375,3.74375,3.74375,3.74375,3.74375,3.74375
3.74375,3.74375,3.74375,3.74375,3.74375,3.74375,3.74375,3.74375,3.74375,3.74375,3.74375,3.74375,3.74375,3.74375,3.74375,3.74375,3.74375,3.74375,3.74375,3.74375,3.74375,3.74375,3.74375,3.74375,3.74375,3.74375,3.74375,3.74375,3.74375,3.74375,3.74375,3.74375,3.74375,3.74375,3.74375,3.74375,3.74375,3.74375,3.74375,3.74375,3.74375,3.74375,3.74375,3.74375,3.74375,3.74375,3.74375,3.74375,3.74375,3.74375,3.74375,3.74375
3.74375,3.74375,3.74375,3.74375,3.74375,3.74375,3.74375,3.74375,3.74375,3.74375,3.74375,3.74375,3.7204968944,3.74375,3.74375,3.74375,3.74375,3.74375,3.74375,3.74375,3.74375,3.74375,3.74375,3.74375,3.74375,3.74375,3.74375,3.74375,3.74375,3.74375,3.74375,3.74375,3.74375,3.74375,3.74375,3.74375,3.74375,3.74375,3.74375,3.74375,3.74375,3.74375,3.74375,3.74375,3.74375,3.74375,3.74375,3.74375,3.74375,3.74375,3.74375,3.7432849379
3.74375,3.74375,3.74375,3.74375,3.74375,3.74375,3.74375,3.74375,3.74375,3.74375,3.74375,3.74375,3.74375,3.74375,3.74375,3.74375,3.74375,3.74375,3.74375,3.74375,3.74375,3.74375,3.74375,3.74375,3.74375,3.74375,3.74375,3.74375,3.74375,3.74375,3.74375,3.74375,3.74375,3.74375,3.74375,3.74375,3.74375,3.74375,3.74375,3.74375,3.74375,3.74375,3.74375,3.74375,3.74375,3.74375,3.74375,3.74375,3.74375,3.74375,3.74375,3.74375
3.74375,3.74375,3.74375,3.74375,3.74375,3.74375,3.74375,3.74375,3.74375,3.74375,3.74375,3.74375,3.74375,3.74375,3.74375,3.74375,3.74375,3.74375,3.74375,3.74375,3.74375,3.74375,3.74375,3.74375,3.74375,3.74375,3.74375,3.74375,3.74375,3.74375,3.74375,3.74375,3.74375,3.74375,3.74375,3.74375,3.74375,3.74375,3.74375,3.74375,3.74375,3.74375,3.74375,3.74375,3.74375,3.74375,3.74375,3.74375,3.74375,3.74375,3.74375,3.74375
3.74375,3.74375,3.74375,3.74375,3.74375,3.74375,3.74375,3.74375,3.74375,3.74375,3.74375,3.74375,3.74375,3.74375,3.74375,3.74375,3.74375,3.74375,3.74375,3.74375,3.74375,3.74375,3.74375,3.74375,3.74375,3.74375,3.74375,3.74375,3.74375,3.74375,3.74375,3.74375,3.74375,3.74375,3.74375,3.74375,3.74375,3.74375,3.74375,3.74375,3.74375,3.74375,3.74375,3.74375,3.74375,3.74375,3.74375,3.74375,3.74375,3.74375,3.74375,3.74375
3.74375,3.74375,3.74375,3.74375,3.74375,3.74375,3.74375,3.74375,3.74375,3.74375,3.74375,3.74375,3.0406091371,3.74375,3.74375,3.74375,3.74375,3.74375,3.74375,3.74375,3.74375,3.74375,3.74375,3.74375,3.74375,3.74375,3.74375,3.74375,3.74375,3.74375,3.74375,3.74375,3.74375,3.74375,3.74375,3.74375,3.74375,3.74375,3.74375,3.74375,3.74375,3.74375,3.74375,3.74375,3.74375,3.74375,3.74375,3.74375,3.74375,3.74375,3.74375,3.7296871827
3.74375,3.74375,3.74375,3.74375,3.74375,3.74375,3.74375,3.74375,3.74375,3.74375,3.74375,3.74375,3.74375,3.74375,3.74375,3.74375,3.74375,3.74375,3.74375,3.74375,3.74375,3.74375,3.74375,3.74375,3.74375,3.74375,3.74375,3.74375,3.74375,3.74375,3.74375,3.74375,3.74375,3.74375,3.74375,3.74375,3.74375,3.74375,3.74375,3.74375,3.74375,3.74375,3.74375,3.74375,3.74375,3.74375,3.74375,3.74375,3.74375,3.74375,3.74375,3.74375
3.74375,3.74375,3.74375,3.74375,3.74375,3.74375,3.74375,3.74375,3.74375,3.74375,3.74375,3.74375,3.74375,3.74375,3.74375,3.74375,3.74375,3.74375,3.74375,3.74375,3.74375,3.74375,3.74375,3.74375,3.74375,3.74375,3.74375,3.74375,3.74375,3.74375,3.74375,3.74375,3.74375,3.74375,3.74375,3.74375,3.74375,3.74375,3.74375,3.74375,3.74375,3.74375,3.74375,3.74375,3.74375,3.74375,3.74375,3.74375,3.74375,3.74375,3.74375,3.74375
3.74375,3.74375,3.74375,3.74375,3.74375,3.74375,3.74375,3.74375,3.74375,3.74375,3.74375,3.74375,3.74375,3.74375,3.74375,3.74375,3.74375,3.74375,3.74375,3.74375,3.74375,3.74375,3.74375,3.74375,3.74375,3.74375,3.74375,3.74375,3.74375,3.74375,3.74375,3.74375,3.74375,3.74375,3.74375,3.74375,3.4825581395,3.74375,3.74375,3.74375,3.74375,3.74375,3.74375,3.74375,3.74375,3.74375,3.74375,3.74375,3.74375,3.74375,3.74375,3.7385261628
3.74375,3.74375,3.74375,3.74375,3.74375,3.74375,3.74375,3.74375,3.74375,3.74375,3.74375,3.74375,3.74375,3.74375,3.74375,3.74375,3.74375,3.74375,3.74375,3.74375,3.74375,3.74375,3.74375,3.74375,3.74375,3.74375,3.74375,3.74375,3.74375,3.74375,3.74375,3.74375,3.74375,3.74375,3.74375,3.74375,3.4825581395,3.74375,3.74375,3.74375,3.74375,3.74375,3.74375,3.74375,3.74375,3.74375,3.74375,3.74375,3.74375,3.74375,3.74375,3.7385261628
3.74375,3.74375,3.74375,3.74375,3.74375,3.74375,3.74375,3.74375,3.74375,3.74375,3.74375,3.74375,3.74375,3.74375,3.74375,3.74375,3.74375,3.74375,3.74375,3.74375,3.74375,3.74375,3.74375,3.74375,3.74375,3.74375,3.74375,3.74375,3.74375,3.74375,3.74375,3.74375,3.74375,3.74375,3.74375,3.74375,3.74375,3.4825581395,3.4825581395,3.4825581395,3.4825581395,3.74375,3.74375,3.74375,3.74375,3.74375,3.74375,3.74375,3.74375,3.74375,3.74375,3.7228546512
3.74375,3.74375,3.74375,3.74375,3.74375,3.74375,3.74375,3.74375,3.74375,3.74375,3.74375,3.74375,3.74375,3.74375,3.74375,3.74375,3.74375,3.74375,3.74375,3.74375,3.74375,3.74375,3.74375,3.74375,3.74375,3.74375,3.74375,3.74375,3.74375,3.74375,3.74375,3.74375,3.74375,3.74375,3.4825581395,3.4825581395,3.4825581395,3.74375,3.74375,3.74375,3.74375,3.74375,3.74375,3.74375,3.74375,3.74375,3.74375,3.74375,3.74375,3.74375,3.74375,3.7280784884
